Siemens leter etter Test & Commissioning Engineer i Oslo,https://no.linkedin.com/jobs/view/test-commissioning-engineer-at-siemens-4388673540,"Siemens Mobility: Ledende lÃ¸sninger innen moderne transportteknologi Siemens Mobility er verdens ledende leverandÃ¸r av mobilitetslÃ¸sninger som muliggjÃ¸r effektiv, sikker og miljÃ¸vennlig transport av mennesker og varer, samt bidrar til Ã¥ forbedre hverdagskvaliteten til millioner av mennesker over hele verden. Drevet av innovasjon utvikler vi intelligente lÃ¸sninger for den Ã¸kende digitaliseringen av transportsektoren. VÃ¥r portefÃ¸lje inkluderer jernbanevogner, jernbaneautomatisering og -styring, veitrafikksystemer og jernbaneelektrifisering. European Rail Traffic Management System (ERTMS) er Norges stÃ¸rste digitaliseringsprosjekt og en av de viktigste datafabrikkene i Norge. Dette innebÃ¦rer installasjon, test og idriftsettelse av signalutstyr pÃ¥ hele det norske jernbanenettet (ca. 4.200 km), samt support og utvikling av den operasjonelle driften frem til 2059. Communications-Based Train Control (CBTC) er et avansert, digitalt signalsystem som muliggjÃ¸r helautomatisk togstyring og optimal utnyttelse av kapasiteten i T-banenettet. Systemet baserer seg pÃ¥ kontinuerlig, toveis datakommunikasjon mellom tog og kontrollsenter, noe som gir presis posisjonering og dynamisk hastighetskontroll. Om rollen: Test & Commissioning Engineer Siemens Mobility Norway sÃ¸ker nÃ¥ etter to dyktige og engasjerte Test & Commissioning Engineers for Ã¥ inngÃ¥ i gruppen Test & Commissioning. Som Test & Commission Engineer vil du vÃ¦re en viktig teknisk ressurs under utrullingen av de nye signalsystemene i Norge og Oslo (ERTMS, bÃ¥de sentrale og desentrale deler av sikringsanlegget, og CBTC, bÃ¥de ombordutrustning og sikringsanlegg), samt kunne inngÃ¥ i vaktordninger og service/kundeoppfÃ¸lging. Selve installasjonsarbeidet utfÃ¸res av vÃ¥re installasjonspartnere, men kontroll, test og idriftsettelse gjÃ¸res av vÃ¥re Test & Commissioning Engineers sÃ¥ mye av arbeidet foregÃ¥r ute pÃ¥ Sites. Stillingen rapporterer til Tester in Charge, og inngÃ¥r i et team av testere og fordrer godt sammarbeid med andre aktÃ¸rer pÃ¥ Site (som vÃ¥re underleveverandÃ¸rer og Site Interface Managers â€“ byggeledere). Arbeidsoppgaver Alle oppgaver ifm testaktiviteter, som Spesifikasjon Planlegging UtfÃ¸ring Tilrettelegging Dokumentasjon HÃ¥ndtere avvik SÃ¸rge for sporbarhet Overlevering til kunde Forbedringsarbeid OpplÃ¦ring (internt/eksternt) FeilsÃ¸king og stÃ¸tte for driftsatte anlegg SprÃ¥k- og reisebehov i ERTMS- og CBTC-prosjektene BÃ¥de ERTMS og CBTC prosjektene gjennomfÃ¸res i et internasjonalt miljÃ¸, sÃ¥ gode engelsksprÃ¥klige ferdigheter kreves. Det er ogsÃ¥ en fodel med norsksprÃ¥kelige ferdigheter, men ikke et krav. Reiseaktivitet er pÃ¥krevd for flere av oppgavene. Det jobbes med Ã¥ kunne tilby rotasjon/turnuslÃ¸sninger, sÃ¥ det kan bli et krav Ã¥ inngÃ¥ i slike oppsett ved utfÃ¸ring av artbeidsoppgaver pÃ¥ Site. Hvem ser vi etter: Den personen vi ser etter bÃ¸r ha relevant bakgrunn og gjerne erfaring fra jernbanebransjen, gjerne innen signalfaget, og med dokumenterte resultater. Kunnskap og erfaring med regler og forskrifter, tegninger og skjema, mekanisk og elektrisk oppbygging, systemer med sikkerhet, samt erfaring med idriftsettelse av anlegg/systemer vil bli lagt vekt pÃ¥. Utdanning som elektriker, signalmontÃ¸r, fagskoleingeniÃ¸r, eller ingeniÃ¸r fortrinnsvis innen en elektrofaglig retning, er en fordel, men dette er ikke et krav. Det er viktig at du har evne til Ã¥ sette deg inn i nye systemer, er strukturert og kan jobbe i team men ogsÃ¥ vÃ¦re selvstendig. Ã…pen invitasjon til eksperter innen jernbanesignalsystemer Er du ekspert innen jernbanesignalsystemer og Ã¸nsker Ã¥ bli med oss, men den ovennevnte beskrivelsen ikke passer 100% til dine interesser eller kvalifikasjoner â€“ ta kontakt og la oss snakke om muligheter. Gode grunner til Ã¥ velge oss: Du blir en del av et sterkt fagmiljÃ¸ hos en av verdens ledende innenfor mobility sektoren Du blir en del av et svÃ¦rt trivelig arbeidsmiljÃ¸ som satser og investerer i din personlig og faglig utvikling. Du fÃ¥r gode muligheter til faglig pÃ¥fyll gjennom kurs og sertifiseringer Konkurransedyktige betingelser, med gode pensjons- og forsikringsordninger, samt muligheter for medeierskap ved kjÃ¸p av aksjer Inneklemte dager er fri uten at du trenger Ã¥ bruke av feriekvoten din, samt fleksibel arbeidstid med mulighet for hjemmekontor Firmahytter, ulike idrettslag og sosiale initiativer Siemens Mobility er stolte av Ã¥ vÃ¦re en arbeidsgiver som verdsetter mangfold og like muligheter. Vi oppfordrer alle kvalifiserte kandidater til Ã¥ sÃ¸ke, uavhengig av alder, kjÃ¸nn, funksjonsevne, nasjonalitet eller bakgrunn Vi holder til i Construction City pÃ¥ Ulven, i helt nye og moderne lokaler. Her finner du alt du trenger for Ã¥ trives â€“ fra hyggelige fellesomrÃ¥der og gode restauranter til treningsmuligheter og sosiale mÃ¸teplasser. Hvis du kjenner deg igjen i beskrivelsen og er klar for Ã¥ ta neste steg i karrieren, send inn en godt utfylt CV og sÃ¸knad via link pÃ¥ siden. SÃ¸knadsfrist: Snarest, og senest innen 25.04.2026. Intervjuer foretas fortlÃ¸pende. Vi bruker bakgrunnssjekk som en del av vÃ¥r rekrutteringsprosess. Har du spÃ¸rsmÃ¥l til stillingen eller Ã¸nsker flere opplysninger, ta kontakt med Tore Hansteen, Group Manager Test & Commissioning pÃ¥ mail: tore.hansteen@siemens.com SÃ¸k nÃ¥! HÃ¸res dette ut som noe for deg? Vi gleder oss til Ã¥ hÃ¸re fra deg!",Norway Selenium
Erithy leter etter Senior Mechanical Engineer i Stavanger,https://no.linkedin.com/jobs/view/senior-mechanical-engineer-at-erithy-4398154616,"Erithy, previously known as Be Better Contractors, specializes in the design and construction of sustainable subsea infrastructure globally. We deliver consultancy services within the oil and gas industry, high voltage cables, biogas and hydrogen, as well as civil engineering services and project administration. Created in 2017, Erithy has grown into a consultancy team made up of various profiles from Europe, South America and the Middle East, working on projects across Norway. We are always on the lookout for new talented individuals to join our team, and we hope that you will be our new member! We are now looking for a Senior Mechanical Engineer for one of our customers based in Stavanger. Duration: 01.05.26 - 31.12.26, with option for extension Deadline for applications: 16.04.26 Responsibilities: The Candidate are expected to work in multi-disciplinary teams and have a proven track record within material technology and Asset Integrity. Support operated assets within Piping & Valves, material technology & Corrosion Control. Day to day support of offshore operations Address material degradation, corrosion challenges, and inspection needs for offshore equipment. Active involvement with the Risk Based Inspection (RBI) program and in developing corrosion management strategies. Perform RBI assessments, Fitness-for-Service (FFS) evaluations, and inspection planning. Support projects and modifications within static mechanical Work in a cross-discipline (technical, operations, maintenance) environment Interface with contractors and vendors including QA/QC fabrication Support ongoing improvement initiatives within Asset Integrity Requirements: Strong expertise in corrosion, material degradation, and inspection planning. Strong expertise in Static Mechanical (Piping & Valves, pressurized vessels, ect) Experience with Risk-Based Methodologies, Integrity Engineering, and Fitness-for-Service (FFS). Relevant Engineer degree, Bachelor or Master Good knowledge of NCS regulations and standards 5+ years of relevant experience Be able to communicate in both English and Norwegian To work with Erithy means: Working on exciting Norwegian energy projects. Fast-track your career as a consultant for one of our customers. We offer opportunities for permanent employment, where stability and personal development are the main focus. Access our network of consultants and customers, and expand your opportunities. In Erithy, we care and know our consultants on a personal level, and follow-up their progression. Join Erithy now!",Norway Selenium
Head Energy AS leter etter Sr. Mechanical Engineer. i Stavanger,https://no.linkedin.com/jobs/view/sr-mechanical-engineer-at-head-energy-as-4398140146,"Head Energy Consulting AS Head Energy is an independent Scandinavian engineering & consulting house providing a wide range of products to onshore and offshore industries. We work with reputed clients in Energy, Civil Construction & Infrastructure, and Industry. Head Energy has more than 900 employees, and offices in Bergen, Stavanger, Oslo, Trondheim, Gothenburg, Stenungsund, Esbjerg, Odense, and Hamburg. We are employee owned, client focused and growth oriented. We live by our core values: Responsible | Honest | Inclusive | Innovative. Our vision is to bring our employees and clients one step ahead. On behalf of one of our clients, we are looking for a Sr. Mechanical Engineer Pnr: 6000823 Job Description: The Candidate are expected to work in multi-disciplinary teams and have a proven track record within material technology and Asset Integrity. Support operated assets within Piping & Valves, material technology & Corrosion Control. Day to day support of offshore operations Address material degradation, corrosion challenges, and inspection needs for offshore equipment. Active involvement with the Risk Based Inspection (RBI) program and in developing corrosion management strategies. Perform RBI assessments, Fitness-for-Service (FFS) evaluations, and inspection planning. Support projects and modifications within static mechanical Work in a cross-discipline (technical, operations, maintenance) environment Interface with contractors and vendors including QA/QC fabrication Support ongoing improvement initiatives within Asset Integrity Qualifications: Strong expertise in corrosion, material degradation, and inspection planning. Strong expertise in Static Mechanical (Piping & Valves, pressurized vessels, ect) Experience with Risk-Based Methodologies, Integrity Engineering, and Fitness-for-Service (FFS). Relevant Engineer degree, Bachelor or Master Good knowledge of NCS regulations and standards 5+ years of relevant experience Be able to communicate in both English and Norwegian Applications will be evaluated continuously Language: English Norwegian In Head Energy You Get: Permanent- or project employment with the best conditions. Access to the industryÂ´s most exciting job opportunities Personal follow-up, mentoring and career guidance A large variety of project opportunities Good pension- and insurance schemes A pleasant and positive work environment Access to both specific and general courses. Video: Solutions that brings you one step ahead Job alert subscription â€“ Register to receive e-mails regarding job opportunities. Head Energyâ€™s application process is simple and straight forward. Upon registering your CV or LinkedIn-profile, you are able to apply to jobs by the push of a button. Keeping your profile up to date will increase our ability to match your competence and upcoming jobs. Head Energy Consulting AS Head Energy is an independent Scandinavian engineering & consulting house providing a wide range of products to onshore and offshore industries. We work with reputed clients in Energy, Civil Construction & Infrastructure, and Industry. Head Energy has more than 900 employees, and offices in Bergen, Stavanger, Oslo, Trondheim, Gothenburg, Stenungsund, Esbjerg, Odense, and Hamburg. We are employee owned, client focused and growth oriented. We live by our core values: Responsible | Honest | Inclusive | Innovative. Our vision is to bring our employees and clients one step ahead. On behalf of one of our clients, we are looking for a Sr. Mechanical Engineer Pnr: 6000823 In Head Energy You Get: Permanent- or project employment with the best conditions. Access to the industryÂ´s most exciting job opportunities Personal follow-up, mentoring and career guidance A large variety of project opportunities Good pension- and insurance schemes A pleasant and positive work environment Access to both specific and general courses. Video: Solutions that brings you one step ahead Job alert subscription â€“ Register to receive e-mails regarding job opportunities. Head Energyâ€™s application process is simple and straight forward. Upon registering your CV or LinkedIn-profile, you are able to apply to jobs by the push of a button. Keeping your profile up to date will increase our ability to match your competence and upcoming jobs.",Norway Selenium
Dovre leter etter Sr. Mechanical Engineer â€“ Stavanger i Stavanger,https://no.linkedin.com/jobs/view/sr-mechanical-engineer-%E2%80%93-stavanger-at-dovre-4400550207,"Location: Stavanger Duration: 01.05.2026 â€“ 31.12.2026 Dovre Group is a trusted global provider of high-value project management services. We have over 30 years of experience as a global provider of project professionals and engineers for large investment projects within our Project Personnel business area. As a leading provider of services to operating and engineering companies, we are committed to provide our clients with the best possible service. All our candidates go through an extensive selection process supported by ISO 9001. To secure the best match for a project, we take time to get to know the person behind the CV. Function The Candidate are expected to work in multi-disciplinary teams and have a proven track record within material technology and Asset Integrity. Support operated assets within Piping & Valves, material technology & Corrosion Control. Day to day support of offshore operations. Address material degradation, corrosion challenges, and inspection needs for offshore equipment. Active involvement with the Risk Based Inspection (RBI) program and in developing corrosion management strategies. Perform RBI assessments, Fitness-for-Service (FFS) evaluations, and inspection planning. Support projects and modifications within static mechanical. Work in a cross-discipline (technical, operations, maintenance) environment. Interface with contractors and vendors including QA/QC fabrication. Support ongoing improvement initiatives within Asset Integrity. Requirements Relevant Engineer degree, Bachelor or Master. 5+ years of relevant experience. Strong expertise in corrosion, material degradation, and inspection planning. Strong expertise in Static Mechanical (Piping & Valves, pressurized vessels, ect). Experience with Risk-Based Methodologies, Integrity Engineering, and Fitness-for-Service (FFS). Good knowledge of NCS regulations and standards. Be able to communicate in both English and Norwegian. Offer Dovre Group is an equal opportunity employer. We encourage applications from anyone meeting the requirements for this position. Information For more information about the position above or working for Dovre Group, please contact: Kristian Vaaga Senior Recruiter kristian.vaaga@dovresolutions.com",Norway Selenium
Aize leter etter Senior Software Engineer - 2D i Oslo,https://no.linkedin.com/jobs/view/senior-software-engineer-2d-at-aize-4376798140,"What You Tell Your Friends You Do â€œI build systems that turn messy technical documents into smart, usable dataâ€ What You Will Really Be Doing ðŸ§© Take full ownership of Aizeâ€™s 2D document processing pipeline â€“ from understanding current solution to shaping what comes next ðŸ” Dive into the existing Python-based processing pipeline to understand how source documents are ingested, processed, and enriched with visual hotspots ðŸ— Design, implement, and maintain a scalable and durable next-gen Aize document processing pipeline in C#/.NET ðŸ–¥ Take over and further develop (or rewrite) the React-based application used for detection of tags on P&ID documents ðŸ¤– Extend the pipeline over time with OCR and AI-driven capabilities to make documents even smarter ðŸ¤ Work independently while collaborating closely with colleagues on the 2D team and Build teams, taking ownership of decisions where no one else has the full picture How You Will Be Doing This Acting as the go-to person for building and improving how we extract and structure data from complex technical drawings, within a team where autonomy and initiative are essential Making architectural decisions independently â€“ thereâ€™s no blueprint and no one handing you all the answers Balancing hands-on backend development with understanding data flows, processing logic, and edge cases Gradually replacing manual and semi-manual steps with robust, automated solutions Collaborating across locations as part of an agile, high impact 2D team. Why you are doing this At its core, this role exists to shape the future of how complex engineering information becomes usable, searchable, and intelligent Who We Think You Are Experienced with backend development using C# and ASP.NET Comfortable designing systems and making architectural choices in complex, under-documented domains Some experience with cloud platforms (preferably Azure), Kubernetes (including Kubernetes Jobs), and modern CI/CD practices Familiar with both relational and non-relational databases, such as MongoDB Proactive and independent, with a strong sense of ownership and responsibility Bonus if you have experience with React, Python, Databricks, or building data processing pipelines, or a strong motivation to learn Team We are a small team of senior software engineers, supported by a Product Manager, UX designer, QA engineer, and Scrum Master - ensuring we build the right things at the right time We have end-to-end responsibility for processing, storing, and visualizing our documents The team is based in Fornebu and Aberdeen, collaborating closely across locations while maintaining a high level of autonomy Grounded , human , and unstoppable are the values that guide our day-to-day. If that aligns with how you like to work, weâ€™d love to hear from youðŸš€ We Offer Money Hybrid work and flexible hours A MacBook or laptop running Windows, so you can get stuff done Support to help you keep your money: we chip in on your pension, pay for your work travels and keep you safe with insurance Care for your wellbeing, including an on-site private health clinic and covered check-ups (NO specific) Modern office with an on-site nursery, gym, cafÃ© and sandwich bar along with subsidised lunches (UK specific) Room for you to do things your way and be who you are Opportunities to learn and share through our professional Guilds, helping you grow your skills and inspire those around you Vacation perks - maybe a few days at one of our cabins (Gaustablikk, BeitostÃ¸len, Hafjell, TjÃ¸me, Spain ++). Just remember to come backðŸ¥¹ (NO specific) Support for your passions through events, training and courses, you choose what interests you And of course the good stuff - contributions to your mobile phone plan and broadband, solid hardware, on-site gym, team activities and occasional celebration along the way We believe our product will connect experts across disciplines, domains and industries. For decades, siloed information and lack of collaboration have hindered teams working in heavy-asset projects. Solving that is our main priority - but only the beginning. We say we see things differently, but people rarely accept different if it doesnâ€™t also mean better . So we have to show our clients that we can deliver better for them and thatâ€™s why weâ€™re recruiting the best from all over the world to help us. At Aize, we know what happens when you give the smartest of us the tools to succeed.",Norway Selenium
ENRX Group leter etter TestingeniÃ¸r i Porsgrunn/Skien,https://no.linkedin.com/jobs/view/testingeni%C3%B8r-at-enrx-group-4400249918,"Ansvar og arbeidsoppgaver â€¢ UtfÃ¸re testing av induksjonsmaskiner/ omformereâ€¢ Testing av PLC og programmerte styresystemerâ€¢ Testing og reparasjon av elektronikk kort og modulerâ€¢ Delta i prosjekt for kontinuerlig forbedring Krav til stillingen â€¢ Bachelor som ingeniÃ¸r innen elektronikk, automasjon, mekatronikk eller tilsvarendeâ€¢ Relevant fagbrev er en fordelâ€¢ Serviceinnstilling, kvalitets- og lÃ¸sningsorientert, samt utadvendt og sosialâ€¢ Proaktiv og selvstendig tilnÃ¦rming til problemlÃ¸sningâ€¢ Gode kommunikative evner og mÃ¥ beherske bÃ¥de norsk og engelsk, muntlig og skriftlig.â€¢ Beherske tverrkulturell kommunikasjon",Norway Selenium
Laerdal Medical leter etter HW QA & Test Engineer i Stavanger og omegn,https://no.linkedin.com/jobs/view/hw-qa-test-engineer-at-laerdal-medical-4398826155,"Make a difference with Laerdal where immersive technology transforms healthcare quality and education across the globe. With over 2,200 colleagues, join a team where collaboration and engagement are prioritized in helping save one million more lives, every year, by 2030. We are now looking for an engineer who is motivated by purpose and quality, and who enjoys working with testing, automation, and continuous improvement of medical devices used worldwide. You will become part of a highly skilled and supportive test team, working closely with product development and improvement initiatives â€” contributing directly to bringing safe, reliable, and sustainable products to the global market. What you'll be doing Contribute to verification activities within product development and product improvement projects Design and automate verification activities using scripting and advanced robotic solutions Build test setups and execute verification activities on devices and systems Analyze, document, and present results to demonstrate quality, compliance with technical standards, and support our sustainability goals Collaborate closely with engineers, developers, and other stakeholders across teams and disciplines We believe you bring An engineering background within areas such as Cybernetics, Robotics, Mechatronics, Automation, Data Technology, or similar Experience or interest in working with tools and programming languages such as Python or similar, RAPID, ecosystems like ROS, and tools for simulation and data analysis An appreciation for clear, structured documentation of procedures and results Personal qualities that will help you thrive A detailâ€‘oriented and analytical approach, combined with strong problemâ€‘solving abilities Curiosity and creativity â€” you enjoy exploring new ways to challenge and validate devices A collaborative mindset and enjoyment of working with diverse teams and stakeholders Enjoys explaining complex data and ideas in clear, accessible ways Comfortable in a dynamic environment with varied and engaging workdays Strong English skills, including technical English, both written and spoken We know great engineers donâ€™t always meet every requirement. If much of this role resonates with you â€” even if not everything â€” we strongly encourage you to apply. What we offer: Interesting and meaningful work contributing to our mission Opportunities for personal and professional growth A great, diverse, inclusive, and international work environment Innovative and forward-thinking technology Competitive compensation and benefits package Flexible work arrangements, an extensive wellbeing program with social, cultural and sports activities and benefits such as discounted public transport, wardrobe with towel service, company cabins, and more. For further information about the role, please contact: Wenche Litlehei â€“ Wenche.Litlehei@Laerdal.com To apply, please send your CV and cover letter by 30 April 2026. We look forward to hearing from you! Please note that we use Semac background checks in our recruitment process.",Norway Selenium
Trimble Inc. leter etter Software Development Engineer in Test (QA) i BÃ¦rum,https://no.linkedin.com/jobs/view/software-development-engineer-in-test-qa-at-trimble-inc-4345491151,"Your Title: Software Development Engineer in Test (QA) Job Location: Norway, Sandvika Trimble is hiring a Software Developer Engineer in Test (SDET) in Sandvika, Norway. Join us to enhance our construction collaboration products with new features and technologies! The Quality Assurance (QA) team focuses on improving software quality through automation and tool enhancements. In an agile environment, the QA develops customized testing methods to enhance software releases and automates manual tests to speed up testing and release cycles. Regular interaction with team members on-site is essential for success in this role. Key Responsibilities Develop and maintain automation scripts; Improve software processes continuously; Plan and execute testing projects; Design and update quality testing procedures; Set test objectives and collaborate with QAs in other departments; Conduct functional, application, and regression testing; assist with manual testing; Uphold quality initiatives; Provide testing metrics to support business decisions; Promote new automation techniques and best practices within the QA team. What We Are Looking For Structured, independent and results-driven; Collaborative team player, eager to share and learn; Accurate and thorough with high standards and quality focus; Adaptable to change; Strong communicator, fluent in English (spoken and written). Required Qualifications Bachelor's degree in computer science or related field; 2-3 years of experience in software quality assurance or equivalent; Experience in test automation and scripting with C#, Python or Java; Strong understanding of QA processes and technical skills with business software tools; Familiarity with QA tools for requirements, test management, and defect tracking. Preferred Qualifications Experience in a global work environment; Knowledge of performance and security testing tools; Familiarity with microservice testing techniques; Proficiency with Jira, Selenium, TestComplete, JMeter, Insomnia, etc.; Understanding of construction back office functions; Knowledge of cloud, virtualization of testing environments and deployment testing. How to Apply: Please submit an online application for this position by clicking on the â€˜Apply Nowâ€™ button located in this posting. Join a Values-Driven Team: Belong, Grow, Innovate. At Trimble, our core values of Belong, Grow, and Innovate aren't just wordsâ€”they're the foundation of our culture. We foster an environment where you are seen, heard, and valued (Belong); where you have an opportunity to build a career and drive our collective growth (Grow); and where your innovative ideas shape the future (Innovate). We believe in empowering local teams to create impactful strategies, ensuring our global vision resonates with every individual. Become part of a team where your contributions truly matter. Trimbleâ€™s Privacy Policy If you need assistance or would like to request an accommodation in connection with the application process, please contact careers@trimble.com.",Norway Selenium
Neat leter etter Quality Assurance Automation Test Engineer i Oslo,https://no.linkedin.com/jobs/view/quality-assurance-automation-test-engineer-at-neat-4327311958,"Our Company Neat brings people together with beautifully simple, versatile video devices and experiences. By minimizing the physical and virtual divide, we enable everyone to feel more connected, present and understood, however they prefer to work. We aim to make our technologies so intuitive that terms like ""in-office"" and ""remote"" will seem obsolete in five years. Neat's pioneering portfolio addresses the needs of today's workplace and natively supports Microsoft Teams, Zoom, and a range of compelling business apps. We are an ambitious, accountable, collaborative, responsible, and growing team that fosters an environment where creativity and ingenuity can flourish. We strive to bring out the best in our Neaters and make amazing products and experiences. We are based in Oslo with Neaters working all over the world. The Opportunity We are actively looking for Quality Assurance Engineers whose primary responsibility will be to work in R&D with Hardware and Software products and components. This is an in-house role located in Oslo and requires you to be on location, where you will be working in the Lab. The role involves working closely with all R&D teams in investigating issues and hands-on QA testing. We are happy to support relocation assistance to Oslo for the right candidate. Primary Responsibilities Of Graduate QA Engineer The ideal candidate will be a keen problem-solver, with a discerned ability to investigate complex issues and a genuine interest in technology. You will work in a fast-paced environment on exciting new projects and take on responsibilities very early on and build a deep technical knowledge. : Although these are not compulsory skills, prior experience in any of the following areas would be an advantage: Test automation Python Android Embedded systems CI Yaml Linux Bash Gherkin Git Functional testing Machine learning Skill Required Strong technical aptitude to understand/analyze/reproduce challenging problems. English written and verbal communication. Ability to grasp new technologies, willingness to learn and have a genuine interest in troubleshooting challenging problems. Experience with agile development and test is a plus. Experience with embedded software, Android and Linux is a plus. Excellent team working skills, but also able to self-motivate and take initiatives. Academic background in engineering, science, mathematics, computer science or similar principles with strong results in technical disciplines. Programming knowledge (e.g. Python). Experience with agile development and test is a plus. Interest in several of these subjects; Lab maintenance and extension, infrastructure, automation, embedded systems, virtualization and Networking. Education Background Graduate with Bachelorâ€™s or Masterâ€™s degree or relevant work experience. We offer a working environment that is eager to learn new things, driven to build high quality engaging experiences in a highly competitive environment. Cross functional teams and support from caring engineerâ€™s that all love what they do, you should too! Founded in 2019, Neat was created to make the meeting space the best it can be. We understand the meeting space better than anyone else and we pour all our energy into every last detail of what we do.",Norway Selenium
Squarehead Technology leter etter Test Automation & CI Engineer i Oslo,https://no.linkedin.com/jobs/view/test-automation-ci-engineer-at-squarehead-technology-4391212454,"At Squarehead, we develop acoustic sensors capable of everything from detecting drones to providing full control in demanding security and industrial environments. In short: we give people super-hearing and situational awareness when it matters most. Weâ€™re now looking for new teammates who enjoy variety, learning, and building systems that matter. About the role Our main product is an array of 100+ tiny microphones, which, combined with some clever math and signal processing, enables us to zoom in on sound, and turn down the volume of the surroundings of the source of interest. In this way, we can for instance detect, locate and classify threats like drones, be it in the field or in a busy city. We're looking for a test automation and CI engineer to join our small, focused infrastructure team. Your mission: make it easy and reliable for our product teams to build, test, and ship code all the way from host-side unit tests to integration tests running on embedded hardware. Our CI system is built around GitLab, but much of the test automation infrastructure is still being shaped. This is a greenfield opportunity where you'll have real influence over how we do CI and testing going forward. What You'll Do Design, maintain, and optimize CI/CD pipelines in GitLab Build and evolve test automation frameworks for a C++ codebase with a TypeScript/React frontend Set up and manage on-device test infrastructure across embedded Linux platforms Improve build times, reliability, and developer feedback loops Collaborate with product teams to define test strategies and help them write effective tests What we're looking for Experience with CI/CD systems (GitLab CI preferred) Experience with test frameworks (e.g. Google Test, Jest, pytest, or similar) Comfortable with Linux, including embedded Linux environments Experience with collecting statistics and building dashboard for the developers Scripting skills (Bash, Python, or similar) Good written and spoken English is required Itâ€™s also nice if you have Familiarity with C++ build systems and toolchains Experience with Docker and containerized build/test environments Cross-compilation and embedded toolchains (For instance, we use Yocto) Hardware-in-the-loop testing A relevant degree (bachelor's or master's) is an advantage, but practical experience matters more. Why Squarehead Those of us who currently work here tend to appreciate: The product is genuinely cool. Acoustic drone detection isn't something you find at most companies. Small team, real impact. You work closely with developers and product managers with minimal overhead and maximum autonomy. We invest in developer experience by building our own tools to improve how we work. Everything is built here. Software and hardware, developed locally in our Oslo office. Occasional field trips to test systems in real-world conditions. Good work/life balance with a flexible workday. Working from home when needed is not a problem. Growth opportunities through conferences, courses, and hackathons. We're actively involved in organizing NDC TechTown and Oslo C++ Users Group. In addition to the points mentioned above, we have: Easy commute right next to the subway Subsidised canteen Weekly organised physical activity (currently padel tennis and climbing) Rooftop terrace for breaks and summer parties Indoor bicycle and car parking Wardrobe with showers Practical information We review applications and invite candidates for interviews on an ongoing basis, so if youâ€™re interested, we recommend applying soon. We work with partners who require confidentiality and have security requirements that we must ensure our employees can comply with. This position may require security clearance.",Norway Selenium
GH Engage leter etter Electrical QA/QC Engineer i HerÃ¸y,https://no.linkedin.com/jobs/view/electrical-qa-qc-engineer-at-gh-engage-4390371991,"Position: Electrical QA/QC Engineer Location: Onsite â€“ Heroya, Norway Project Type: Data Centre I am recruiting for an Electrical QA/QC Engineer on behalf of my client who are a leading engineering services company with a proven track record of high quality, customer focused project delivery for over 130 years. Their core divisions include Mechanical Engineering, Electrical Engineering, Sprinkler and Fire Protection. Some of the other services they provide include Waste to Energy (BioEnergy), Specialist Lift, Off Site Fabrication, Technical Support Services, Maintenance, Asset Management, BIM (Building Information Modelling) and Geo-Surveying. We offer competitive salaries, financial support for further training, Continuous Professional Development (CPD) leading to chartered status, performance incentives and the ability to progress your career with a world class engineering contractor. Job Description As an Electrical QA/QC Engineer, you will be responsible for delivering the Electrical Quality Management System. As part of the QAQC Team, you will be responsible for the quality delivery of projects & equipment, ensuring that all client specifications are met, through inspections & walkdowns. You will work closely with the Quality Lead as well as a multidisciplinary team of engineers and industry experts to deliver cutting-edge projects while ensuring that all client specifications are met. Your responsibilities will include: Overseeing the applicable Jones Engineering database for each project, ensuring it is kept up to date and accurate, which will essentially deliver the handover documentation to the client. Review benchmarks and First of Kind Installations Completion of system and equipment test packs using Project Quality Management Software on a project-by-project basis Liaise with the QA Lead on handover documentation, system handover and tagging dates. Liaise with the construction teams regarding handover dates, scheduling walk downs, developing snag lists etc. identifying snag trends and escalating to QA Leads. Review Installations for Compliance to Jones Project Specific Quality Plan & ITPs, Project standards, specification, design, procedures & expectations. Oversee 3rd party inspections & contractors to ensure project requirements are met. Ensure QA requirements are met by subcontractors. Oversee & complete regular site walkdowns & inspections. Travel required for Ireland and Mainland Europe site support where necessary. Attend quality meetings with management and subcontractors and report on quality as required. Liaise with other in-house specialist Electrical QA/QC Leads& Engineers as required. This role will provide exposure to a wide range of expertise relating to Data Centre, life sciences, construction, and other sectors. The successful candidate will be supported in developing their knowledge and skills as their responsibilities grow and evolve. To excel in this role, you should possess the following skills and qualifications: Relevant Electrical/quality qualification. Electrical Trade background would be advantageous. Minimum 1+ year experience in a similar role desirable. Fluent English essential. Knowledge of electrical Systems and Schematics essential. Knowledge of Microsoft Office essential. Experience working with Quality software would be advantageous. Excellent communication and interpersonal skills essential. What this role offers: They are offering a competitive salary package commensurate with experience and qualifications. In addition, you will have the opportunity to work in a dynamic and supportive environment, collaborating with industry leaders and contributing to a sustainable future. Our company values work-life balance and encourages professional growth through training and development programs.",Norway Selenium
"Kongsberg Defence & Aerospace leter etter QA Engineer, Manufacturing QA i Kongsberg",https://no.linkedin.com/jobs/view/qa-engineer-manufacturing-qa-at-kongsberg-defence-aerospace-4385739457,"Bli med pÃ¥ reisen med Ã¥ levere verdensledende luftvern som QA Engineer! Er du en person med stor drivkraft og lidenskap for produksjon og kvalitetssikring? Da er dette rollen for deg! I rollen som QA Engineer i Manufacturing QA vil du vÃ¦re ansvarlig for Ã¥ sikre at kundekrav, interne krav og relevante standarder blir forstÃ¥tt, implementert og etterlevd. Dette innebÃ¦rer bl.a. leverandÃ¸roppfÃ¸lging pÃ¥ innkjÃ¸pte deler, interne prosesser og milepÃ¦lsaktiviteter helt frem til leveranse. Du vil ogsÃ¥ hÃ¥ndtere avvikshÃ¥ndtering og fÃ¸lge opp korrigerende tiltak internt og eksternt. I tillegg vil du lede og delta i revisjoner hos leverandÃ¸rer og internt. Stillingen innehar en stor grad av selvstendighet og pÃ¥virkningsmulighet for hvordan vi driver kvalitetssikring. Det vil vÃ¦re stor variasjon i oppgaver med oppfÃ¸lging og sikring av kvalitet i vÃ¥r egen montasje og test fasilitet, samt oppfÃ¸lging av vÃ¥r leverandÃ¸rkjede. Du vil hos oss jobbe tett sammen med et svÃ¦rt kompetent og fremoverlent teknisk team. Vi sÃ¸ker deg som vil bidra til leveranser av verdensledende luftvernsystemer med rett kvalitet til rett tid! Hvem er du? Som person ser vi for oss at du har teknisk utdannelse og/eller erfaring fra teknisk virksomhet. Du bÃ¸r ha deltatt i kvalitetsarbeid og ha kunnskap om kvalitetsstandarder. Videre er du en initiativrik og selvdreven person med et stort pÃ¥gangsmot. Du evner Ã¥ se de store linjene og helheten i prosjektets kvalitetssikring. Du trives godt nÃ¥r du fÃ¥r jobbe med forbedring og effektivisering, og har bÃ¥de gode samarbeids- og kommunikasjonsevner. Er du i tillegg nysgjerrig pÃ¥ hvordan ting henger sammen og hvordan ting kan forbedres, kan du vÃ¦re den rette for oss. Reiseaktivitet i Norge og utland mÃ¥ pÃ¥beregnes. Hvorfor Jobbe Hos Oss Du blir en del av et inkluderende og uformelt arbeidsmiljÃ¸ hvor hjelpsomme kollegaer, hÃ¸y takhÃ¸yde og en god dose humor er en naturlig del av hverdagen. Som ansatt hos oss fÃ¥r du stor pÃ¥virkningskraft, fleksibilitet i hverdagen og muligheten til Ã¥ jobbe med varierte og meningsfulle oppgaver. Vi Tilbyr Konkurransedyktige betingelser, solide pensjons- og forsikringsordninger og et fordelaktig aksjeprogram med rabatterte aksjer for ansatte. Vi har ogsÃ¥ bonusprogram for alle vÃ¥re ansatte. I tillegg fÃ¥r du tilgang til firmahytter, velferdsordninger med gode rabatter pÃ¥ kulturarrangementer, og et bredt utvalg sosiale foreninger â€“ enten du liker brettspill, friluftsliv eller 3D-printing. Er du nysgjerrig og glad i Ã¥ utforske, kan du bruke innovasjonslaben vÃ¥r fritt â€“ med alt fra laserkutter til 3D-printere og annet moderne utstyr. Vi har ogsÃ¥ et gratis treningssenter tilgjengelig for ansatte, og for deg som er pÃ¥ reise i jobbsammenheng tilbyr vi reisetillegg. SÃ¸knader behandles fortlÃ¸pende, sÃ¥ ikke nÃ¸l med Ã¥ ta direkte kontakt om du har ytterligere spÃ¸rsmÃ¥l om stillingen. Vi ser frem til Ã¥ motta din sÃ¸knad! Kandidater som sÃ¸ker pÃ¥ stillingen, vil i forbindelse med rekrutteringsprosessen bli gjenstand for bakgrunnssjekk og vurdering av denne vil bli lagt til grunn ved valg av kandidat.For Ã¥ vÃ¦re aktuell kandidat til stillingen mÃ¥ du vÃ¦re kvalifisert for Ã¥ bli sikkerhetsklarert, jfr. Sikkerhetsloven.",Norway Selenium
"KONGSBERG leter etter QA Engineer, Manufacturing QA i Kongsberg",https://no.linkedin.com/jobs/view/qa-engineer-manufacturing-qa-at-kongsberg-4400543052,"Er du en person med stor drivkraft og lidenskap for produksjon og kvalitetssikring? Da er dette rollen for deg! I rollen som QA Engineer i Manufacturing QA vil du vÃ¦re ansvarlig for Ã¥ sikre at kundekrav, interne krav og relevante standarder blir forstÃ¥tt, implementert og etterlevd. Dette innebÃ¦rer bl.a. leverandÃ¸roppfÃ¸lging pÃ¥ innkjÃ¸pte deler, interne prosesser og milepÃ¦lsaktiviteter helt frem til leveranse. Du vil ogsÃ¥ hÃ¥ndtere avvikshÃ¥ndtering og fÃ¸lge opp korrigerende tiltak internt og eksternt. I tillegg vil du lede og delta i revisjoner hos leverandÃ¸rer og internt. Stillingen innehar en stor grad av selvstendighet og pÃ¥virkningsmulighet for hvordan vi driver kvalitetssikring. Det vil vÃ¦re stor variasjon i oppgaver med oppfÃ¸lging og sikring av kvalitet i vÃ¥r egen montasje og test fasilitet, samt oppfÃ¸lging av vÃ¥r leverandÃ¸rkjede. Du vil hos oss jobbe tett sammen med et svÃ¦rt kompetent og fremoverlent teknisk team. Vi sÃ¸ker deg som vil bidra til leveranser av verdensledende luftvernsystemer med rett kvalitet til rett tid! Hvem er du? Som person ser vi for oss at du har teknisk utdannelse og/eller erfaring fra teknisk virksomhet. Du bÃ¸r ha deltatt i kvalitetsarbeid og ha kunnskap om kvalitetsstandarder. Videre er du en initiativrik og selvdreven person med et stort pÃ¥gangsmot. Du evner Ã¥ se de store linjene og helheten i prosjektets kvalitetssikring. Du trives godt nÃ¥r du fÃ¥r jobbe med forbedring og effektivisering, og har bÃ¥de gode samarbeids- og kommunikasjonsevner. Er du i tillegg nysgjerrig pÃ¥ hvordan ting henger sammen og hvordan ting kan forbedres, kan du vÃ¦re den rette for oss. Reiseaktivitet i Norge og utland mÃ¥ pÃ¥beregnes. Hvorfor Jobbe Hos Oss Du blir en del av et inkluderende og uformelt arbeidsmiljÃ¸ hvor hjelpsomme kollegaer, hÃ¸y takhÃ¸yde og en god dose humor er en naturlig del av hverdagen. Som ansatt hos oss fÃ¥r du stor pÃ¥virkningskraft, fleksibilitet i hverdagen og muligheten til Ã¥ jobbe med varierte og meningsfulle oppgaver. Vi Tilbyr Konkurransedyktige betingelser, solide pensjons- og forsikringsordninger og et fordelaktig aksjeprogram med rabatterte aksjer for ansatte. Vi har ogsÃ¥ bonusprogram for alle vÃ¥re ansatte. I tillegg fÃ¥r du tilgang til firmahytter, velferdsordninger med gode rabatter pÃ¥ kulturarrangementer, og et bredt utvalg sosiale foreninger â€“ enten du liker brettspill, friluftsliv eller 3D-printing. Er du nysgjerrig og glad i Ã¥ utforske, kan du bruke innovasjonslaben vÃ¥r fritt â€“ med alt fra laserkutter til 3D-printere og annet moderne utstyr. Vi har ogsÃ¥ et gratis treningssenter tilgjengelig for ansatte, og for deg som er pÃ¥ reise i jobbsammenheng tilbyr vi reisetillegg. SÃ¸knader behandles fortlÃ¸pende, sÃ¥ ikke nÃ¸l med Ã¥ ta direkte kontakt om du har ytterligere spÃ¸rsmÃ¥l om stillingen. Vi ser frem til Ã¥ motta din sÃ¸knad! Kandidater som sÃ¸ker pÃ¥ stillingen, vil i forbindelse med rekrutteringsprosessen bli gjenstand for bakgrunnssjekk og vurdering av denne vil bli lagt til grunn ved valg av kandidat.For Ã¥ vÃ¦re aktuell kandidat til stillingen mÃ¥ du vÃ¦re kvalifisert for Ã¥ bli sikkerhetsklarert, jfr. Sikkerhetsloven.",Norway Selenium
Trener Robotics (formerly T-ROBOTICS) leter etter QA Engineer i Trondheim,https://no.linkedin.com/jobs/view/qa-engineer-at-trener-robotics-formerly-t-robotics-4384754536,"Location: On-site in San Jose, California or Trondheim, Norway About Us Freshly backed by some of the top VCs in Silicon Valley, Trener is redefining robotics by combining advanced AI for intuitive programming with pre-trained skill models that are experts at industrial tasks. With offices in San Jose (USA) and Trondheim (Norway), we provide software that gives our users unprecedented ease-of-use and capabilities for their robots â€” allowing them to think, adapt, and perform complex tasks like any skilled worker. Our mission is to make industrial robotics intelligent, accessible, and deployable at scale â€” for manufacturers, integrators, and operators who need it to simply work. We are a dynamic team of engineers, roboticists, and technologists who are passionate about bringing AI-powered automation to the factory floor. About The Job The Release Engineering & Quality Assurance team is responsible for delivering releases of Trener's software platform at high velocity without sacrificing trust in the quality of each release. As a QA Engineer on this team, your job is to execute and review the tests that demonstrate this quality. When a test cannot be completed, you will document detailed steps for reproducing the error and work with the engineering team to verify that the issue has been resolved. As our scope grows, you will use your software development experience and your deepening knowledge of Trener's platform to convert manual tests into automated tests â€” helping us scale quality alongside our product. Responsibilities Perform manual tests of Trenerâ€™s software, both in simulation and on real robotics hardware workcells. Investigate and document failures, and assist the engineering team with verifying fixes. Develop manual test plans into automated tests in order to scale our quality engineering processes. Support the release engineering team in delivering high-quality, high-velocity software releases Requirements Bachelor's degree in Computer Science, Robotics, Mechanical Engineering, Electrical Engineering, or related field Excellent written communication skills and strong attention to details. You will need to concisely describe deviations from expected behavior and provide accurate steps to reproduce errors found during testing. Programming experience with Linux shell scripting and Python, specifically ROS2 Experience with 6-DOF robot arms from major manufacturers (ABB, KUKA, Fanuc, Universal Robots, or similar) What Will Differentiate You Master's degree in relevant engineering discipline Technical writing and/or presentation experience. Have you published projects with thorough, well-structured documentation? We would love to see. What we offer A unique opportunity to work at the forefront of robotics and AI A central role in a growing startup where your contributions will directly shape our future Competitive salary, employee equity, and bonuses A dynamic and international work environment with offices in the US and Norway",Norway Selenium
CTS Group leter etter QA E&P Engineer - Project i Narvik,https://no.linkedin.com/jobs/view/qa-e-p-engineer-project-at-cts-group-4378343837,"QA E&P Engineer We are looking for a QA E&P Engineer to implement and enforce quality assurance and quality control for all Electrical & Power systems on a hyperscale data center project. You will ensure installations meet client specifications, international standards, and commissioning requirements, supporting defect-free, fully traceable, and resilient power infrastructure. What Youâ€™ll Do You will lead QA/QC activities for all electrical and power systems, ensuring compliance with drawings, specifications, and approved methods. You will conduct inspections, audits, and surveillance, manage quality documentation, oversee testing and commissioning readiness, and support phased energization handovers. You will identify non-conformances, track NCRs, and collaborate with construction, commissioning, and client teams to maintain quality and safety standards. Key Responsibilities Include Implementing and managing QA/QC plans for Electrical & Power systems Conducting inspections, audits, and routine quality surveillance Reviewing and approving Electrical ITPs, check sheets, and test procedures Overseeing installation quality for MV/LV distribution, UPS, generators, switchgear, transformers, earthing, cabling, and terminations Ensuring correct installation, labeling, and system identification Supporting FAT, SAT, pre-commissioning, and energization readiness Maintaining full traceability of materials, test reports, and as-built documentation Identifying defects, managing NCRs, and supporting snag resolution Ensuring QA activities comply with HSE requirements and promoting a quality-driven, safety-first culture Reporting on quality status and metrics to project leadership and coordinating with stakeholders Who Weâ€™re Looking For You hold a degree or HND in Electrical Engineering or a related discipline and have proven experience in QA/QC for electrical and power systems, ideally in data centers, mission-critical, pharmaceutical, or high-tech projects. You have strong knowledge of electrical standards, testing, and commissioning processes, with excellent documentation control, attention to detail, and experience in fast-track, phased energization environments. Qualifications & Skills Degree / HND in Electrical Engineering or related discipline QA/QC experience on Electrical & Power systems in large-scale projects Knowledge of electrical standards, testing, and commissioning processes Experience with fast-track, phased energization projects Strong documentation, inspection, and reporting skills Familiarity with digital QA/QC platforms and client commissioning processes Excellent attention to detail, problem-solving, and communication skills Fluency in English (written and spoken) Desirable: ISO 9001 Internal Auditor, CQI/IRCA certification, CSCS / Safe Pass Why Join Us You will play a critical role in delivering high-quality electrical and power systems across complex data center projects, ensuring safe, compliant, and resilient infrastructure while supporting commissioning and phased handovers.",Norway Selenium
CTS Group leter etter QA M&P Engineer - Project i Narvik,https://no.linkedin.com/jobs/view/qa-m-p-engineer-project-at-cts-group-4378346797,"QA M&P Engineer We are looking for a QA M&P Engineer to implement, monitor, and enforce quality assurance and quality control for all Mechanical & Plumbing (M&P) systems on a hyperscale data center project. You will ensure installations meet project specifications, industry standards, and client requirements, supporting defect-free, fully documented, and commissioning-ready facilities. What Youâ€™ll Do You will lead QA/QC activities for all M&P systems, ensuring works comply with drawings, specifications, and approved methods. You will conduct inspections, audits, and surveillance, manage quality documentation, oversee testing and commissioning readiness, and support progressive handovers. You will identify non-conformances, track NCRs, and collaborate with construction, commissioning, and client teams to maintain quality and safety standards. Key Responsibilities Include Implementing and managing QA/QC plans for all M&P systems Conducting routine inspections, audits, and quality surveillance Reviewing and approving ITPs for M&P works Overseeing quality of installations: chilled water, cooling plants, CRAH/CRAC, pipework, valves, pumps, drainage, and specialist systems Ensuring correct materials, workmanship, labeling, and documentation Maintaining full traceability of materials, inspections, and testing Supporting testing, commissioning, and system handovers Identifying defects and managing non-conformances and snagging Ensuring QA activities comply with HSE and promote a quality-driven safety culture Reporting regularly to QA/QC Manager and project leadership Who Weâ€™re Looking For You hold a degree or HND in Mechanical Engineering, Building Services, or a related discipline, and have proven experience in QA/QC for M&P systems on large-scale projects. Experience in data centers, mission-critical, pharmaceutical, or high-tech facilities is preferred. You have strong knowledge of mechanical standards, codes, commissioning, and documentation, and are detail-oriented, proactive, and able to work in fast-track, phased delivery environments. Qualifications & Skills Degree / HND in Mechanical Engineering, Building Services, or related field QA/QC experience on M&P systems in large-scale projects Knowledge of mechanical standards, codes, and commissioning requirements Experience in fast-track and phased delivery projects Strong documentation, inspection, and reporting skills Familiarity with digital QA platforms and client quality systems Excellent attention to detail and problem-solving abilities Fluency in English (written and spoken) Desirable: ISO 9001 Internal Auditor, CQI/IRCA certification, CSCS / Safe Pass Why Join Us You will play a critical role in ensuring quality consistency across complex data center systems, supporting commissioning and handovers, and contributing to safe, high-standard, mission-critical projects.",Norway Selenium
Smartbrain.io leter etter QA engineer (Strong Middle) i Time,https://no.linkedin.com/jobs/view/qa-engineer-strong-middle-at-smartbrain-io-4373548833,"Full-time Permanent work kibana QA Regression Testing SQL Bug finding Bug Tracking QA manual Fintech A rapidly growing international company, a leader in the Kazakhstan e-commerce market, offers unique opportunities for professional growth. The team is currently looking for a confident professional for a Strong Middle-Grade Manual Tester position. The specialist must have at least 3 years of experience in online banking, e-commerce, and financial services. The specialist's primary responsibilities include identifying errors and glitches in the product being tested, ensuring its quality and stability. Responsibilities Manual testing of SOAP (approximately 70 percent) and REST (approximately 30 percent) services. Conducting functional, regression, and exploratory testing. Analyzing product requirements and business logic to optimize testing. Working with bug reports: analyzing, compiling, updating, and verifying bugs. Working with test and design documentation (checklists, test cases, service descriptions). Collaboration with developers, PM, DevOps, and business. Participation in improving QA processes. Requirements Excellent knowledge of testing theory. Experience using various test design techniques. Experience with backend and web testing. Postman, SoapUI. Good knowledge of SQL at the QA level. Kibana or OpenSearch Dashboards. Discipline, a responsible approach to work, and, of course, curiosity. A Plus Experience with payment transactions or participation in integrations with international payment systems (Visa, Mastercard). Experience using or writing mock services. General aspects of automated testing. Conditions Stable salary, social and pension contributions, employment according to the Labor Code of the Republic of Kazakhstan. 5-day work week, 8-hour workday. Team building activities, corporate events. Corporate daycare for employees. Shares in the company.",Norway Selenium
Zeeks leter etter QA Engineer | Partnership Project (Ð½ÐµÐ°ÐºÑ‚Ð¸Ð²Ð½Ð°) i Time,https://no.linkedin.com/jobs/view/qa-engineer-partnership-project-%D0%BD%D0%B5%D0%B0%D0%BA%D1%82%D0%B8%D0%B2%D0%BD%D0%B0-at-zeeks-4257379898,"Ð“Ð¾Ð»Ð¾Ð²Ð½Ð° QA Engineer | Partnership Project QA Engineer | Partnership Project (Ð½ÐµÐ°ÐºÑ‚Ð¸Ð²Ð½Ð°) Outstaff, full-time, remote Ð’Ñ–Ð´Ð³ÑƒÐºÐ½ÑƒÑ‚Ð¸ÑÑŒ Ð½Ð° Ð²Ð°ÐºÐ°Ð½ÑÑ–ÑŽ Ð’Ñ–Ð´Ð¿Ñ€Ð°Ð²Ð¸Ñ‚Ð¸ ÐŸÐ¾Ñ€ÐµÐºÐ¾Ð¼ÐµÐ½Ð´ÑƒÐ²Ð°Ñ‚Ð¸ ÑÐ¿ÐµÑ†Ñ–Ð°Ð»Ñ–ÑÑ‚Ð° ÐŸÑ€Ð¸Ð²Ñ–Ñ‚! ÐÐ°Ñ€Ð°Ð·Ñ– Ð¼Ð¸ Ð·Ð½Ð°Ñ…Ð¾Ð´Ð¸Ð¼Ð¾ÑÑŒ Ñƒ Ð¿Ð¾ÑˆÑƒÐºÑƒ QA Engineer Ð´Ð¾ Ð½Ð°ÑˆÐ¾Ð³Ð¾ Ð¿Ð°Ñ€Ñ‚Ð½ÐµÑ€ÑÑŒÐºÐ¾Ð³Ð¾ Ð¿Ñ€Ð¾Ñ”ÐºÑ‚Ñƒ. ÐŸÑ€Ð¾ Ð¿Ñ€Ð¾Ñ”ÐºÑ‚ : Affiliate CRM ÑÐ¸ÑÑ‚ÐµÐ¼Ð°, Ð¼ÐµÑ‚Ð¾ÑŽ ÑÐºÐ¾Ñ— Ñ” ÑƒÐ¿Ñ€Ð°Ð²Ð»Ñ–Ð½Ð½Ñ Ð¿Ð°Ñ€Ñ‚Ð½ÐµÑ€ÑÑŒÐºÐ¸Ð¼Ð¸ Ð°ÐºÐ°ÑƒÐ½Ñ‚Ð°Ð¼Ð¸. Ð“Ð¾Ð»Ð¾Ð²Ð½Ð° Ð¼ÐµÑ‚Ð° Ð¿Ð¾Ð·Ð¸Ñ†Ñ–Ñ—: Ñ‚ÐµÑÑ‚ÑƒÐ²Ð°Ð½Ð½Ñ Ñ‚Ð° Ð²Ð´Ð¾ÑÐºÐ¾Ð½Ð°Ð»ÐµÐ½Ð½Ñ ÑÐ¸ÑÑ‚ÐµÐ¼Ð¸ Ñ‚Ð° ÑƒÑ‚Ñ€Ð¸Ð¼Ð°Ð½Ð½Ñ Ñ—Ñ— Ñƒ Ñ€Ð¾Ð±Ð¾Ñ‡Ð¾Ð¼Ñƒ ÑÑ‚Ð°Ð½Ñ–. Ð£Ð¼Ð¾Ð²Ð¸ ÑÐ¿Ñ–Ð²Ð¿Ñ€Ð°Ñ†Ñ–: Outstaff, full-time. Ð‘ÐµÐºÐ³Ñ€Ð°ÑƒÐ½Ð´, Ð¯ÐºÐ¸Ð¹ ÐœÐ¸ ÐžÑ‡Ñ–ÐºÑƒÑ”Ð¼Ð¾ Ð”Ð¾ÑÐ²Ñ–Ð´ Ñ€Ð¾Ð±Ð¾Ñ‚Ð¸ Ð²Ñ–Ð´ 1,5 Ñ€Ð¾ÐºÑƒ Ð½Ð° Ð°Ð½Ð°Ð»Ð¾Ð³Ñ–Ñ‡Ð½Ñ–Ð¹ Ð¿Ð¾Ð·Ð¸Ñ†Ñ–Ñ—. Ð”Ð¾ÑÐ²Ñ–Ð´ Ð¼Ð°Ð½ÑƒÐ°Ð»ÑŒÐ½Ð¾Ð³Ð¾ Ñ‚ÐµÑÑ‚ÑƒÐ²Ð°Ð½Ð½Ñ Ð²ÐµÐ±ÑÐµÑ€Ð²ÐµÑ€Ñ–Ð² Ñ– ÐÐ Ð†. Ð—Ð½Ð°Ð½Ð½Ñ Ñ„Ð¾Ñ€Ð¼Ð°Ñ‚Ñ–Ð² JSON, XML. Ð”Ð¾ÑÐ²Ñ–Ð´ Ð½Ð°Ð¿Ð¸ÑÐ°Ð½Ð½Ñ Ñ‚ÐµÑÑ‚Ð¾Ð²Ð¾Ñ— Ð´Ð¾ÐºÑƒÐ¼ÐµÐ½Ñ‚Ð°Ñ†Ñ–Ñ—. Ð—Ð½Ð°Ð½Ð½Ñ ÑÑ‚Ð°Ð½Ð´Ð°Ñ€Ñ‚Ñ–Ð² Ñ– Ð¼ÐµÑ‚Ð¾Ð´Ð¾Ð»Ð¾Ð³Ñ–Ð¹ Ñ€Ð¾Ð·Ñ€Ð¾Ð±ÐºÐ¸. Ð¡Ð¸ÑÑ‚ÐµÐ¼Ð½Ð¸Ð¹ Ñ– Ð°Ð½Ð°Ð»Ñ–Ñ‚Ð¸Ñ‡Ð½Ð¸Ð¹ Ð¿Ñ–Ð´Ñ…Ñ–Ð´ Ð´Ð¾ Ð¾Ñ€Ð³Ð°Ð½Ñ–Ð·Ð°Ñ†Ñ–Ñ— Ñ€Ð¾Ð±Ð¾Ñ‚Ð¸. Ð Ð¾Ð·ÑƒÐ¼Ñ–Ð½Ð½Ñ Ð¿Ñ€Ð¸Ð½Ñ†Ð¸Ð¿Ñ–Ð² Ñ‚ÐµÑÑ‚ÑƒÐ²Ð°Ð½Ð½Ñ Ð¿Ñ€Ð¾Ð³Ñ€Ð°Ð¼Ð½Ð¾Ð³Ð¾ Ð·Ð°Ð±ÐµÐ·Ð¿ÐµÑ‡ÐµÐ½Ð½Ñ. Ð Ð¾Ð·ÑƒÐ¼Ñ–Ð½Ð½Ñ ÐºÐ»Ñ–Ñ”Ð½Ñ‚-ÑÐµÑ€Ð²ÐµÑ€Ð½Ð¾Ñ— Ð°Ñ€Ñ…Ñ–Ñ‚ÐµÐºÑ‚ÑƒÑ€Ð¸ web Ð¿Ñ€Ð¾Ñ”ÐºÑ‚Ñ–Ð². ÐÐ°Ð²Ð¸Ñ‡ÐºÐ° Ð·Ð°Ð¿Ð¸ÑÑƒ Ð´ÐµÑ„ÐµÐºÑ‚Ñ–Ð² Ñ‚Ð° Ð²Ñ–Ð´ÑÑ‚ÐµÐ¶ÐµÐ½Ð½Ñ Ñ—Ñ… ÑÑ‚Ð°Ñ‚ÑƒÑÑƒ Ð² Jira. ÐÐ°Ð²Ð¸Ñ‡ÐºÐ° ÐºÑ€Ð¾Ñ-Ð±Ñ€Ð°ÑƒÐ·ÐµÑ€Ð½Ð¾Ð³Ð¾ Ñ‚ÐµÑÑ‚ÑƒÐ²Ð°Ð½Ð½Ñ. Ð’Ð¼Ñ–Ð½Ð½Ñ Ð²Ð¸ÐºÐ¾Ñ€Ð¸ÑÑ‚Ð¾Ð²ÑƒÐ²Ð°Ñ‚Ð¸ Postman, swagger. Ð’Ð¼Ñ–Ð½Ð½Ñ Ð²Ð¸ÐºÐ¾Ñ€Ð¸ÑÑ‚Ð¾Ð²ÑƒÐ²Ð°Ñ‚Ð¸ DEV tools. Ð¢Ð¾Ð»ÐµÑ€Ð°Ð½Ñ‚Ð½Ñ–ÑÑ‚ÑŒ Ð´Ð¾ Ñ€ÑƒÑ‚Ð¸Ð½Ð½Ð¾Ñ— Ñ€Ð¾Ð±Ð¾Ñ‚Ð¸. ÐÐ°Ð²Ð¸Ñ‡ÐºÐ° Ð°ÑÐµÑ€Ñ‚Ð¸Ð²Ð½Ð¾Ñ— ÐºÐ¾Ð¼ÑƒÐ½Ñ–ÐºÐ°Ñ†Ñ–Ñ—. Ð£Ð²Ð°Ð¶Ð½Ñ–ÑÑ‚ÑŒ Ð´Ð¾ Ð´ÐµÑ‚Ð°Ð»ÐµÐ¹. Ð’Ð¾Ð»Ð¾Ð´Ñ–Ð½Ð½Ñ Ð°Ð½Ð³Ð»Ñ–Ð¹ÑÑŒÐºÐ¾ÑŽ Ð¼Ð¾Ð²Ð¾ÑŽ Ð½Ð° Ñ€Ñ–Ð²Ð½Ñ– Upper â€“ Intermediate (Ð´Ð»Ñ ÐºÐ¾Ð¼ÑƒÐ½Ñ–ÐºÐ°Ñ†Ñ–Ñ— Ñ–Ð· Ð·Ð°Ñ…Ñ–Ð´Ð½Ð¸Ð¼Ð¸ ÐºÐ»Ñ–Ñ”Ð½Ñ‚Ð°Ð¼Ð¸). Ð¢Ð²Ð¾Ñ— Ð·Ð°Ð²Ð´Ð°Ð½Ð½Ñ Ð½Ð° Ñ†Ñ–Ð¹ Ð¿Ð¾Ð·Ð¸Ñ†Ñ–Ñ—: ÐŸÑ€Ð¾Ð²ÐµÐ´ÐµÐ½Ð½Ñ Ñ‚ÐµÑÑ‚ÑƒÐ²Ð°Ð½Ð½Ñ ÑÐ¸ÑÑ‚ÐµÐ¼Ð¸. Ð¢ÐµÑÑ‚ÑƒÐ²Ð°Ð½Ð½Ñ Ð¿Ð°Ñ€ÑÐµÑ€Ñ–Ð² (API/HTML). ÐžÐ¿Ð¸Ñ Ð¿Ð¾Ð¼Ð¸Ð»Ð¾Ðº. Ð£Ñ‡Ð°ÑÑ‚ÑŒ Ñƒ Ð²Ð¿Ñ€Ð¾Ð²Ð°Ð´Ð¶ÐµÐ½Ð½Ñ– Ð½Ð¾Ð²Ð¸Ñ… Ð¿Ñ€Ð¾Ñ†ÐµÑÑ–Ð². Ð—Ð°Ð±ÐµÐ·Ð¿ÐµÑ‡ÐµÐ½Ð½Ñ Ð²Ð¸ÑÐ¾ÐºÐ¾Ð³Ð¾ Ñ€Ñ–Ð²Ð½Ñ ÑÐºÐ¾ÑÑ‚Ñ– Ð¿Ñ€Ð¾Ð³Ñ€Ð°Ð¼Ð½Ð¾Ð³Ð¾ Ð·Ð°Ð±ÐµÐ·Ð¿ÐµÑ‡ÐµÐ½Ð½Ñ. ÐŸÐ»Ð°Ð½ÑƒÐ²Ð°Ð½Ð½Ñ Ñ‚ÐµÑÑ‚ÑƒÐ²Ð°Ð½Ð½Ñ Ñ‚Ð° Ñ€Ð¾Ð·Ñ€Ð¾Ð±ÐºÐ° Ñ‚ÐµÑÑ‚Ð¾Ð²Ð¸Ñ… ÑÑ†ÐµÐ½Ð°Ñ€Ñ–Ñ—Ð². Ð’Ð¸ÐºÐ¾Ð½Ð°Ð½Ð½Ñ Ð²ÑÑ–Ñ… Ð²Ð¸Ð´Ñ–Ð² Ñ‚ÐµÑÑ‚ÑƒÐ²Ð°Ð½Ð½Ñ Ð¿Ñ€Ð¾Ð³Ñ€Ð°Ð¼Ð½Ð¾Ð³Ð¾ Ð·Ð°Ð±ÐµÐ·Ð¿ÐµÑ‡ÐµÐ½Ð½Ñ, Ð½ÐµÐ¾Ð±Ñ…Ñ–Ð´Ð½Ð¸Ñ… Ñƒ Ð¿Ñ€Ð¾Ñ”ÐºÑ‚Ñ–. Ð’Ð¸Ð¿Ñ€Ð°Ð²Ð»ÐµÐ½Ð½Ñ Ð´ÐµÑ„ÐµÐºÑ‚Ñ–Ð² Ñƒ Ð¿Ñ€Ð¾Ñ”ÐºÑ‚Ñ–. Ð¡Ð¿Ñ–Ð²Ð¿Ñ€Ð°Ñ†Ñ Ð· ÑƒÑÑ–Ð¼Ð° ÑƒÑ‡Ð°ÑÐ½Ð¸ÐºÐ°Ð¼Ð¸ Ñ€Ð¾Ð·Ñ€Ð¾Ð±ÐºÐ¸ Ð¿Ñ€Ð¾Ð³Ñ€Ð°Ð¼Ð½Ð¾Ð³Ð¾ Ð·Ð°Ð±ÐµÐ·Ð¿ÐµÑ‡ÐµÐ½Ð½Ñ Ð¿Ñ–Ð´ Ñ‡Ð°Ñ Ñ‚ÐµÑÑ‚ÑƒÐ²Ð°Ð½Ð½Ñ. Ð Ð¾Ð·Ñ€Ð¾Ð±ÐºÐ° Ñ‚ÐµÑÑ‚Ð¾Ð²Ð¾Ñ— Ð´Ð¾ÐºÑƒÐ¼ÐµÐ½Ñ‚Ð°Ñ†Ñ–Ñ— Ñ‚Ð° Ð¿Ñ–Ð´Ð³Ð¾Ñ‚Ð¾Ð²ÐºÐ° Ð·Ð²Ñ–Ñ‚Ð½Ð¾ÑÑ‚Ñ– Ð· Ñ‚ÐµÑÑ‚ÑƒÐ²Ð°Ð½Ð½Ñ. Ð©Ð¾ Ð¼Ð¸ Ð¿Ñ€Ð¾Ð¿Ð¾Ð½ÑƒÑ”Ð¼Ð¾: Ð“Ð½ÑƒÑ‡ÐºÐ¸Ð¹ Ñ€Ð¾Ð·ÐºÐ»Ð°Ð´: Ð¿Ð¾Ð²Ð½Ñ–ÑÑ‚ÑŽ Ð´Ð¸ÑÑ‚Ð°Ð½Ñ†Ñ–Ð¹Ð½Ð¾. ÐšÐ¾Ð½ÐºÑƒÑ€ÐµÐ½Ñ‚Ð½Ð° Ñ„Ñ–Ð½Ð°Ð½ÑÐ¾Ð²Ð° Ð²Ð¸Ð½Ð°Ð³Ð¾Ñ€Ð¾Ð´Ð°, Ñ‰Ð¾ Ð·Ð°Ð»ÐµÐ¶Ð¸Ñ‚ÑŒ Ð²Ñ–Ð´ Ð´Ð¾ÑÐ²Ñ–Ð´Ñƒ Ñ‚Ð° Ð½Ð°Ð²Ð¸Ñ‡Ð¾Ðº. ÐœÐ¾Ð¶Ð»Ð¸Ð²Ñ–ÑÑ‚ÑŒ Ð¿Ñ€Ð°Ñ†ÑŽÐ²Ð°Ñ‚Ð¸ Ð½Ð°Ð´ Ð²Ð´Ð¾ÑÐºÐ¾Ð½Ð°Ð»ÐµÐ½Ð½ÑÐ¼ ÑÐ¸ÑÑ‚ÐµÐ¼Ð¸, Ð° Ñ‚Ð°ÐºÐ¾Ð¶ Ñ€Ð¾Ð·Ð²Ð¸Ð²Ð°Ñ‚Ð¸ ÑÐ²Ð¾ÑŽ ÐºÐ°Ñ€â€™Ñ”Ñ€Ñƒ Ñƒ Ð¼ÐµÐ½ÐµÐ´Ð¶ÐµÑ€ÑÑ‚Ð²Ñ–. Ð¨Ð»ÑÑ… Ð´Ð¾ ÑÐ¿Ñ–Ð²Ð¿Ñ€Ð°Ñ†Ñ– Ñ–Ð· Ð½Ð°Ð¼Ð¸: 1-Ð¹ ÐµÑ‚Ð°Ð¿: Ñ‚ÐµÐ»ÐµÑ„Ð¾Ð½Ð½Ðµ Ñ–Ð½Ñ‚ÐµÑ€Ð²â€™ÑŽ Ð· Ñ€ÐµÐºÑ€ÑƒÑ‚ÐµÑ€Ð¾Ð¼ (Ð´Ð¾ 30 Ñ…Ð²Ð¸Ð»Ð¸Ð½) 2-Ð¹ ÐµÑ‚Ð°Ð¿: Ð¢ÐµÑ…Ð½Ñ–Ñ‡Ð½Ðµ Ð†Ð½Ñ‚ÐµÑ€Ð²â€™ÑŽ Ñ–Ð· Product Manager Ñ‚Ð° QA specialist 3-Ð¹ ÐµÑ‚Ð°Ð¿: ÐŸÐµÑ€ÐµÐ²Ñ–Ñ€ÐºÐ° Ñ€ÐµÐºÐ¾Ð¼ÐµÐ½Ð´Ð°Ñ†Ñ–Ð¹ 4-Ð¹ ÐµÑ‚Ð°Ð¿: Job Offer Ð¢Ð¾ Ð¶ ÑÐºÑ‰Ð¾ Ñ‚Ð¸ ÑƒÐ²Ð°Ð¶Ð½Ð¾ Ð¿Ñ–Ð´Ñ…Ð¾Ð´Ð¸Ñˆ Ð´Ð¾ Ñ‚ÐµÑÑ‚ÑƒÐ²Ð°Ð½Ð½Ñ, Ð²Ð¼Ñ–Ñ”Ñˆ Ð³Ð»Ð¸Ð±Ð¾ÐºÐ¾ Ð°Ð½Ð°Ð»Ñ–Ð·ÑƒÐ²Ð°Ñ‚Ð¸ Ñ‚ÐµÑ…Ð½Ñ–Ñ‡Ð½Ñ– Ð´ÐµÑ‚Ð°Ð»Ñ– Ñ– Ð¿Ñ€Ð°Ð³Ð½ÐµÑˆ Ð²Ð´Ð¾ÑÐºÐ¾Ð½Ð°Ð»ÑŽÐ²Ð°Ñ‚Ð¸ ÑÐ²Ð¾Ñ— Ð½Ð°Ð²Ð¸Ñ‡ÐºÐ¸ Ñƒ QA â€” Ð¼Ð¸ Ð±ÑƒÐ´ÐµÐ¼Ð¾ Ñ€Ð°Ð´Ñ– Ð±Ð°Ñ‡Ð¸Ñ‚Ð¸ Ñ‚ÐµÐ±Ðµ Ð² ÐºÐ¾Ð¼Ð°Ð½Ð´Ñ–! Ð§ÐµÐºÐ°Ñ”Ð¼Ð¾ Ð½Ð° Ñ‚Ð²Ð¾Ñ” Ñ€ÐµÐ·ÑŽÐ¼Ðµ!) Ð’Ñ–Ð´Ð³ÑƒÐºÐ½ÑƒÑ‚Ð¸ÑÑŒ Ð½Ð° Ð²Ð°ÐºÐ°Ð½ÑÑ–ÑŽ Ð’Ñ–Ð´Ð¿Ñ€Ð°Ð²Ð¸Ñ‚Ð¸ Ð ÐµÐºÑ€ÑƒÑ‚ÐµÑ€ ÐšÐ°Ñ‚ÐµÑ€Ð¸Ð½Ð° Ð—ÑƒÐ±Ð°Ð½Ð¸Ñ‡ Contact",Norway Selenium
Visual Components Rekrytointi Software QA Engineer,https://fi.linkedin.com/jobs/view/software-qa-engineer-at-visual-components-4400213737,"Get to know Visual Components At Visual Components, we build world-class 3D simulation software for manufacturers. Our solution can be used for designing the factories of the future already today. By using our software, the user can design production lines, simulate and analyse the production flow, perform virtual commissioning projects, and much more. Today our solution is trusted by more than 2400 organizations in the manufacturing industry worldwide, starting from small local manufacturers and to huge automotive corporations. Visual Components is an international company. We are headquartered in Espoo, Finland, but we have offices in Tampere Finland, the US, and Germany, along with a global partner network of partners and resellers. The Visual Components team is truly multinational - we have people from over 22 countries, and we speak at least 12 languages! The role and the team We are looking for a Software Test Engineer to join our QA Team and to reinforce our team working on renewing the Visual Components platform and building future-proof features that will enable our product to grow. The team members work as members of the software development teams and have their own QA teamâ€™s development goals. The QA team members share tasks to encourage learning in different areas and to make the team(s) more adaptable. The software development teams use Scrum and comprise of developers, a testing engineer, and a product owner. Your impact The main tasks in our QA are: Manual testing and feature verification. Developing scripts and test data for e.g., UI test automation or our other tooling. Developing testing practices and collaborating with developers. Software developers will still be writing their unit tests and other test automation. Being a part of our Licensing development team, you will be tasked with testing complex and interconnected licensing systems, both on desktop and on the web. You will be responsible for helping the team maintain and improve their quality standards and work with them to tackle various challenges. The skills you will bring We are looking for someone who has strong problem-solving skills, great soft skills, an analytical mindset with the ability to reveal the root causes for complex issues. You will succeed if you have the willingness and attitude to learn a new business domain and deepen their skills in testing and using test automation technology. What counts, is passion for learning and developing! Skills important for this role: Experience working with and testing complex legacy systems. Experience testing API with tools like Postman. Experience in testing and collaborating across the full web stack, including both frontend and backend components. Strong process improvement mindset with an emphasis on short and long term change. Excellent communication skills with the ability to work effectively across teams. Deep logical thinking: the ability to decompose complex problems, find the root causes of issues, and suggest solutions based on the available data. English language - fluency in speaking and writing in English because it is our main working language Beneficial: Experience working with Cypress. Beneficial: Experience with a variety of licensing systems. Beneficial: C# and Python We appreciate relevant educational background e.g., a bachelorâ€™s degree in automation technology, robotics, electrical engineering, computer science, or information technology - but this is not mandatory in case you have learned the skills some other way. Perks of joining us The opportunity to further develop and expand your skills and make an impact to our own platform. Flexible working times and remote work. An employer who supports in various life situations. Safe and stable workplace. Competitive salary with comprehensive personnel benefits, e.g., learning platforms, extensive occupational health care and health insurance, lunch benefits, sport & cultural benefit vouchers. At Visual Components, our most valuable assets are our employees. We treat everyone with honesty and transparency, help each other, and do our work with passion. We also enjoy spending time together even after work. Pool tournaments, game nights, and after works and sports activities are part of our life as a team. How to apply Please send your application in English via the form on our career page. We cannot accept applications sent to us via email or private messages due to the GDPR. We will hire a person as soon as we find the right candidate. Next steps with us Screening is within 4 weeks of receiving your application Introductory interview with our Talent Acquisition specialist Online interview with the QA Team Manager Final interview with the manager and the team Hiring manager In case you have any specific questions about the role, feel free to contact QA Team Manager, lenny.smith@visualcomponents.com",Finland Selenium
GE HealthCare Rekrytointi Intern â€“ Test automation frameworks,https://fi.linkedin.com/jobs/view/intern-%E2%80%93-test-automation-frameworks-at-ge-healthcare-4400209592,"Job Description Summary We are now looking for a new Intern â€“ Test automation frameworks who can work physically on-site at our headquarters in Helsinki. This position is currently limited to August 2026. In this position, you will be in a team responsible for Performance and Reliability and System Integration Testing of our patient monitor products. Your daily work will include running, maintaining, and creating automated reliability and performance testing, as well as reporting results from these tests. You will have an important role in ensuring the flawless operation of the various software components in our life-saving products. GE HealthCare is a leading global medical technology and digital solutions innovator. Our purpose is to create a world where healthcare has no limits. Unlock your ambition, turn ideas into world-changing realities, and join an organization where every voice makes a difference, and every difference builds a healthier world. Responsibilities Job Description Participate in maintaining, monitoring, and enhancing test automation tooling for our patient monitoring products Participate in the daily work of a Scrum team Qualifications And Experience On-going Bachelor's or Master's studies in Computer Science, Software Engineering, Bioinformation technology, or related field Demonstrated engineering curiosity, out-of-the-box thinking mindset, and problem-solving skills. Ability to work persistently and methodologically and to document progress. Good team work and communication skills in English. Legally authorized to work in Finland. Desirable skills Knowledge of Medical Technology Familiarity with Linux command line workflows Experience in technologies used in automating Software Testing (Python, CI systems, ) Understanding of virtual environments like Docker and/or Podman AI tools used in SW development Part time work (e.g. 2-3 days per week) during semesters is possible. Inclusion and Diversity GE HealthCare is an Equal Opportunity Employer where inclusion matters. Employment decisions are made without regard to race, color, religion, national or ethnic origin, sex, sexual orientation, gender identity or expression, age, disability, protected veteran status or other characteristics protected by law. Behaviors We expect all employees to live and breathe our behaviors: to act with humility and build trust; lead with transparency; deliver with focus, and drive ownership â€“ always with unyielding integrity. Total Rewards Our total rewards are designed to unlock your ambition by giving you the boost and flexibility you need to turn your ideas into world-changing realities. Our salary and benefits are everything youâ€™d expect from an organization with global strength and scale, and youâ€™ll be surrounded by career opportunities in a culture that fosters care, collaboration and support. Additional Information Relocation Assistance Provided: No",Finland Selenium
Hays sÃ¶ker SAP Test Automation Engineer (TOSCA) â€“ long-term consulting assignment i MalmÃ¶,https://se.linkedin.com/jobs/view/sap-test-automation-engineer-tosca-%E2%80%93-long-term-consulting-assignment-at-hays-4401711842,"Assignment Overview Join a large, stable, and forwardâ€‘thinking organisation where SAP plays a central role in daily operations. The organisation operates a complex, businessâ€‘critical SAP landscape and continuously invests in quality, automation, and structured delivery to ensure reliable system performance. This long-term consulting assignment offers a handsâ€‘on role focused on SAP test automation using TOSCA, supporting stable releases and continuous improvement. You will work closely with SAP testing specialists and stakeholders to ensure high quality across SAP changes and upgrades. Key Responsibilities Test Automation & Script Development Develop, maintain, and execute automated test scripts and test suites using TOSCA Work with Test Design, test case management, configuration, and reporting Ensure automated tests support SAP releases, changes, and upgrades SAP Process Understanding Understand SAP business processes and workflows Translate process knowledge into effective test coverage Identify gaps, risks, and improvement areas in test scenarios QA & Release Support Support regression testing related to SAP changes Collaborate with the SAP Testing team to ensure system stability Contribute to quality assurance across SAP environments Stakeholder Collaboration Work closely with SAP testers, IT teams, and business stakeholders Communicate test results, risks, and improvements clearly Support alignment between technical testing and business needs Continuous Improvement Contribute to improved testing practices and automation standards Suggest best practices for test automation and quality assurance Support ongoing optimisation of SAP testing processes Required Skills & Experience Must have Strong hands-on experience with TOSCA test automation Experience working with SAP systems Knowledge of test design, test execution, and reporting Strong analytical and problem-solving skills Clear communication skills across technical and business teams Fluent in English Nice to have Experience with version control tools (e.g. Git) Experience with test data management Familiarity with SAP HANA and SAP Fiori Experience working with WalkMe Swedish language skills Assignment Details Type: Consulting assignment/Interim Duration: 12 months Start: 2026â€‘05â€‘01 End: 2027â€‘04â€‘30 Location: MalmÃ¶ (hybrid working model, 60% in office) Workload: Full-time Why This Assignment? Long-term consulting assignment in a well-established SAP environment Strong focus on quality, automation, and structured delivery Collaboration with experienced SAP testing professionals Hybrid working setup Apply now to be considered for this consulting assignment, or contact us for a confidential discussion to learn more.",Sweden Selenium
Axis Communications sÃ¶ker System Test Engineer â€“ End-to-End Quality for Access Control i Lund,https://se.linkedin.com/jobs/view/system-test-engineer-%E2%80%93-end-to-end-quality-for-access-control-at-axis-communications-4400022418,"Job Title System Test Engineer â€“ End-to-End Quality for Access Control Job Description Are you curious about how complex systems really work? Do you enjoy exploring, finding unexpected behaviors, and ensuring everything fits together seamlessly? If so, you might be the one weâ€™re looking for! Our Access Control QA - System Test team at Axis is now looking for a System Test Engineer to join us at our HQ in Lund, Sweden. Access Control is part of the New Business organization â€” an area where we build innovative solutions for secure and intelligent access control systems. Your Future Team Weâ€™re a dedicated group of test engineers and part-time students who make sure the entire Access Control system works smoothly as one. We focus on system-level quality â€” stability, performance, security, usability â€” and, most importantly, the customer experience . Our motto is simple: â€œkeep the glue together.â€ We work closely with product manager/specialists, developers, and partners, exploring how all pieces fit together. Our work ranges from end-to-end and exploratory testing to partner support, performance measurements, and continuous improvements in how we verify our systems. Get to know our QA organization: Axis Communications Meet Quality Assurance! - Jobcast | Podcast on Spotify What Youâ€™ll Do Here as a System Test Engineer In this role, youâ€™ll take a broad view of quality â€” testing across software and hardware and always keeping the customer in mind. From time to time, this also means working hands-on with devices and lab setups to understand how everything connects. You will: Perform manual and exploratory testing to understand real customer scenarios and system behavior Conduct end-to-end tests across multiple software components and integrations Focus on stability, performance, security, usability, and user experience Collaborate closely with developers, product specialists, and partners to identify and solve issues Contribute to test strategies, test design, and ways of working for system-level testing Explore opportunities to improve and automate our test processes Who Are We Looking For? Weâ€™re looking for someone who loves to explore, learn, and understand how everything connects. Youâ€™re passionate about quality and about making things work for the people who use them. You have: 3â€“5 years of experience in software testing, with a strong focus on manual and exploratory testing A customer-centric approach â€” you care about how the product is experienced in real life A system mindset â€” you see both the details and the big picture Great communication skills and enjoy collaborating with others Interest in or experience with AI-assisted testing tools and techniques Familiarity with automation or scripting tools As a Person, You Areâ€¦ Curious and creative, always eager to learn something new Passionate about delivering quality and value to our customers Structured but not afraid to explore beyond whatâ€™s expected Open, communicative, and collaborative What Axis Have To Offer We are a world leader in network video, where cutting-edge technology meets global impact. Here, youâ€™ll contribute to meaningful projects that shape the future of security and surveillance â€” developing solutions used worldwide. As a fast-growing company, we offer exciting career opportunities. Youâ€™ll grow professionally through continuous learning, supported by a collaborative team that values creativity, innovation, and work-life balance. Our Lund HQ Campus, including the impressive Grenden building, offers a dynamic environment with spaces crafted to encourage collaboration, whether through informal â€œ fika â€ chats, formal meetings, or after-hours activities. Check it out: Axis HQ Your well-being matters to us. We offer a range of benefits, including a company bonus, Friday cake, wellness allowance, health insurance â€” and even your own Axis bicycle. To learn more about Axis, our innovative products, solutions, and vibrant company culture, explore: Life at Axis blog Engineering at Axis blog Innovation at Axis Ready to Act? If youâ€™re excited about this opportunity, apply today! For more information, contact our recruiting manager Henrik Ã…kesson, henrik.akesson@axis.com. Type of Employment Permanent Employment Posting End Date 2026-05-04 Certain roles at Axis require background checks, which means applicable verifications will be done in these recruitments. Notice will be provided before we take any action. About Axis Communications We enable a smarter, safer world by creating innovative solutions for improving security and business performance. As a network technology company and industry leader, we offer solutions in video surveillance, access control, intercom, and audio systems, enhanced by intelligent analytics applications. With around 6000 committed employees in over 50 countries, we collaborate with partners worldwide. Together, we thrive in our friendly, open, and collaborative culture and inspire each other to think beyond the expected. United by our commitment to inclusion, diversity, and sustainability, we consistently seek to develop our skills and way of working. LetÂ´s create a smarter, safer world For more information about Axis, please visit our website www.axis.com. Listen to Get To Know Axis â€“ Podcast",Sweden Selenium
NACOS Marine sÃ¸ger en Test Engineer (m/f/d) i HÃ¸rsholm Kommune,https://dk.linkedin.com/jobs/view/test-engineer-m-f-d-at-nacos-marine-4399639337,"Company Overview NACOS Marine is a globally integrated group of companies at the forefront of maritime automation, navigation, and control systems. Building on decades of expertise and a heritage of trusted solutions, NACOS Marine continues to pioneer technologies that set the standard for safer, smarter, and more efficient ship operations worldwide. Our engineering teams develop advanced maritime solutions where reliability, stability, and quality are critical for successful deployment and long-term operation. Role Overview We are seeking a Test Engineer (m/f/d) to support system validation, hardware and software testing, and release readiness of our products. In this hands-on role, you will work independently while collaborating closely with engineering teams to ensure high product quality. You will be responsible for writing and executing test cases, performing functional and integration testing, and supporting system setup and troubleshooting in lab and test environments. The position combines manual testing, hardware validation, and system-level testing in a practical engineering environment. Key Responsibilities Testing & Quality Assurance Design, execute, and maintain test cases, test plans, and test scripts Perform functional, regression, integration, and system testing Conduct release testing, FAT testing, and system validation Identify, log, and track defects using Azure DevOps Support test automation readiness and improve testing processes System Setup & Configuration Install and configure Windows and Linux systems Set up PCs, servers, and test environments in lab environments Perform firmware installations, upgrades, and validation Support hardware setup, configuration, and diagnostics Troubleshooting & Integration Testing Diagnose hardware and software issues and support resolution Support hardware testing and integration testing activities Work with virtual machines and hypervisors for test environments Assist in maintaining lab setups for hardware and software testing Documentation & Reporting Document test results, environments, and findings Report product quality status and release readiness Support continuous improvement of testing processes Key Requirements Degree in Computer Science, IT, Electronics, or equivalent experience Hands-on experience in software, system, or hardware testing Knowledge of functional and regression testing Experience with Windows and Linux environments Familiarity with Azure DevOps and virtual environments Practical, structured, and independent working style Strong troubleshooting and analytical skills Fluent in English Why choose us and why weâ€™d choose you At NACOS Marine, you will work in a practical and hands-on engineering environment, contributing to the quality and reliability of advanced maritime solutions. You will collaborate with experienced engineering teams and gain exposure to system-level testing, integration, and release validation. We offer a dynamic, international working environment where quality and innovation go hand in hand.",Sweden Selenium
"Plejd sÃ¶ker Embedded Test Engineer- Vikariat i SkÃ¥ne lÃ¤n, Sverige",https://se.linkedin.com/jobs/view/embedded-test-engineer-vikariat-at-plejd-4400737014,"Om oss Plejd ï¿½r ett snabbvï¿½xande och innovativt svenskt techbolag inom smart belysning och hemautomation. Vi brinner fï¿½r att gï¿½ra elektrikerns vardag enklare genom att utveckla produkter och tjï¿½nster som anvï¿½nder ny teknik pï¿½ rï¿½tt sï¿½tt. Med vï¿½r position i framkant av belysningsautomation har vi etablerat oss som en tongivande aktï¿½r pï¿½ den svenska marknaden. Vi ï¿½r ett integrerat fullstack-bolag med all utveckling in-house. Hï¿½r arbetar specialister inom produktion, automation, elektronik, mekanik, inbyggda system, apputveckling och moln/backend ? allt under samma tak. Om rollen Vi sï¿½ker nu 1?2 Embedded Test Engineers fï¿½r vikariat med start omgï¿½ende till slutet av april 2027. Rollen innebï¿½r att du stï¿½ttar vï¿½r produktutveckling, men ditt fokus ligger i hï¿½g grad pï¿½ att fï¿½rvalta och vidareutveckla teamets system fï¿½r testning. Som Embedded Test Engineer arbetar du hï¿½rdvarunï¿½ra med tyngdpunkt pï¿½ Hardware-in-the-Loop (HIL). Din vardag ï¿½r en mix av att testa specifika produktfunktioner och att sï¿½kerstï¿½lla att vï¿½r testinfrastruktur ï¿½r effektiv, stabil och modern. Dina huvudsakliga ansvarsomrï¿½den: Utveckla testsystemet : Du underhï¿½ller och fï¿½rbï¿½ttrar vï¿½ra testmiljï¿½er och verktyg fï¿½r att ï¿½ka automatiseringsgraden och tillfï¿½rlitligheten. Design och genomfï¿½rande : Du identifierar testbehov, designar testfall och genomfï¿½r testplaner fï¿½r att verifiera produktens prestanda. Analys och metodik : Du analyserar testresultat fï¿½r att hitta buggar, men arbetar ocksï¿½ proaktivt med att fï¿½rbï¿½ttra vï¿½ra testmetoder och skapa skalbara testflï¿½den. Rollen innebï¿½r ett helhetsansvar dï¿½r du bï¿½de bygger upp den tekniska miljï¿½n fï¿½r testerna och analyserar utfallet fï¿½r att sï¿½kerstï¿½lla hï¿½gsta kvalitet i slutprodukten. Om dig Vi sï¿½ker dig som ï¿½r civil- eller hï¿½gskoleingenjï¿½r med ett starkt tekniskt intresse. Som person ï¿½r du strukturerad och metodisk, vilket krï¿½vs fï¿½r att kunna planera och genomfï¿½ra tester med hï¿½g precision. Du har ett kritiskt tï¿½nkande och en naturlig nyfikenhet som driver dig att inte bara hitta fel, utan att ocksï¿½ fï¿½rstï¿½ grundorsaken till dem. Du nï¿½jer dig sï¿½llan med ett ""det fungerar nog"", utan vill sï¿½kerstï¿½lla att lï¿½sningen ï¿½r robust hela vï¿½gen. Vi ser att du har: Goda kunskaper i programmering, fï¿½retrï¿½desvis Python och C. Fï¿½rmï¿½ga att arbeta sjï¿½lvstï¿½ndigt och ta ansvar fï¿½r dina egna leveranser. God kommunikationsfï¿½rmï¿½ga i bï¿½de svenska och engelska, dï¿½ bï¿½da sprï¿½ken anvï¿½nds dagligen i vï¿½r dokumentation och vardag. Det ï¿½r mycket meriterande om du har erfarenhet av: Elektronik och inbyggda system. Datakommunikation. Tidigare arbete med testautomatisering eller HIL-riggar. Vi vï¿½rdesï¿½tter en prestigelï¿½s instï¿½llning dï¿½r du bidrar till teamets gemensamma mï¿½l och trivs med att arbeta i en miljï¿½ med hï¿½gt tekniskt kunnande Rekryteringsprocessen Vi tillï¿½mpar ett lï¿½pande urval och pï¿½bï¿½rjar intervjuer omgï¿½ende, sï¿½ skicka gï¿½rna in din ansï¿½kan sï¿½ snart som mï¿½jligt. Som en del av vï¿½r process kan vi komma att anvï¿½nda oss av personlighets- och logiktester samt tekniska arbetsprover fï¿½r att sï¿½kerstï¿½lla en objektiv och kvalitativ bedï¿½mning.",Sweden Selenium
AlphaSense Rekrytointi Head of Engineering Productivity & Experience,https://fi.linkedin.com/jobs/view/head-of-engineering-productivity-experience-at-alphasense-4389776210,"About AlphaSense The worldâ€™s most sophisticated companies rely on AlphaSense to remove uncertainty from decision-making. With market intelligence and search built on proven AI, AlphaSense delivers insights that matter from content you can trust. Our universe of public and private content includes equity research, company filings, event transcripts, expert calls, news, trade journals, and clientsâ€™ own research content. The acquisition of Tegus by AlphaSense in 2024 advances our shared mission to empower professionals to make smarter decisions through AI-driven market intelligence. Together, AlphaSense and Tegus will accelerate growth, innovation, and content expansion, with complementary product and content capabilities that enable users to unearth even more comprehensive insights from thousands of content sets. Our platform is trusted by over 6,000 enterprise customers, including a majority of the S&P 500. Founded in 2011, AlphaSense is headquartered in New York City with more than 2,000 employees across the globe and offices in the U.S., U.K., Finland, India, Singapore, Canada, and Ireland. Come join us! The Role We are looking for a Head of Engineering Productivity & Experience to lead the evolution of how software is built, tested, and delivered at AlphaSense. This is a high-impact, Director-level leadership role shaping developer experience and engineering productivity across our global ~400-engineer organization through platforms, tooling, and engineering practices. The position will initially lead teams of ~13 engineers while defining the operating model and long-term trajectory of the Engineering Productivity domain. Your mission will be to drive the strategy for a unified platform ecosystem that bridges AI-driven development, Developer Tooling, Web Infrastructure, and QA Automation. You will lead the evolution of platforms that enable high-confidence releases across local development, microfrontend delivery, and automated quality engineering, while shaping a seamless developer-facing CI/CD experience in partnership with SRE and Cloud Platform teams. A core pillar of this mission is advancing the AI-assisted SDLC. You will define and implement AI-enabled tooling and workflows that measurably improve developer productivity and experience. This includes areas such as AI-assisted code reviews, test generation and coverage expansion, developer documentation, and improving the entire inner-loop development experience. The goal is to ensure AI becomes a practical accelerator in everyday engineering workflows rather than a standalone tool. While this role is centered on organizational strategy and platform leadership, we value ""player-coach"" DNA. You should be a technically sharp leader who is comfortable diving into architectural reviews or getting close to the code when necessary to unblock teams or accelerate progress. We are primarily seeking Director-level candidates, though strong Senior Engineering Managers with a proven track record of scaling DevEx or Platform organizations are also encouraged to apply. What Youâ€™ll Do Lead developer productivity and experience across AlphaSenseâ€™s engineering organization Drive the evolution of developer productivity tooling, covering inner-loop development workflows Define and implement a strategy for AI-driven developer productivity capabilities across SDLC Own the developer-facing CI/CD experience, improving build, test, and deployment workflows Build and scale QA automation platforms that enable high confidence in software delivery Lead and scale web infrastructure and microfrontend delivery, enabling independent releases Improve engineering velocity by reducing friction in development, testing, and delivery workflows Partner with SRE, Cloud, and Product Engineering teams to improve the software delivery Establish metrics and feedback loops to improve developer productivity and experience Who You Are Several years of engineering leadership in developer productivity and experience Strong understanding of the software development lifecycle and modern engineering workflows Experience improving CI/CD developer experience Experience building or scaling internal developer platforms Experience driving test automation and quality engineering practices at scale Experience operating in large engineering organizations with distributed teams Demonstrated experience building and mentoring high-performing engineering teams Experience implementing AI-assisted development tooling Ability to lead through influence and collaboration across multiple engineering organizations Experience improving engineering metrics such as delivery velocity, cycle time, and CSAT Nice To Have Experience with progressive delivery Familiarity with cloud-native architectures and Kubernetes-based platforms EST or UK timezone for closer overlap with direct team members Familiarity with modern frontend architectures and microfrontend delivery models What We Offer Playing a part in the story of a fast growing company Interesting career opportunities and training Relocation support for single employees, couples and families While we do have an office in Helsinki, weâ€™re a distributed company. We value outcomes over time, and offer flexible working arrangements. We usually meet at the office once a week. Private healthcare services from Terveystalo 2 weeks of vacation granted up front, and possibility to use vacation days as they accrue Access to gym room, gaming room, free parking near the office, mobile phone, Lunch benefit, mobile plan, home internet, remote work equipment, and many more.... You can apply by sending your cover letter and resume through the application form. AlphaSense is an equal-opportunity employer. We are committed to a work environment that supports, inspires, and respects all individuals. All employees share in the responsibility for fulfilling AlphaSenseâ€™s commitment to equal employment opportunity. AlphaSense does not discriminate against any employee or applicant on the basis of race, color, sex (including pregnancy), national origin, age, religion, marital status, sexual orientation, gender identity, gender expression, military or veteran status, disability, or any other non-merit factor. This policy applies to every aspect of employment at AlphaSense, including recruitment, hiring, training, advancement, and termination. In addition, it is the policy of AlphaSense to provide reasonable accommodation to qualified employees who have protected disabilities to the extent required by applicable laws, regulations, and ordinances where a particular employee works. Recruiting Scams and Fraud We At AlphaSense Have Been Made Aware Of Fraudulent Job Postings And Individuals Impersonating AlphaSense Recruiters. These Scams May Involve Fake Job Offers, Requests For Sensitive Personal Information, Or Demands For Payment. Please Note AlphaSense never asks candidates to pay for job applications, equipment, or training. All official communications will come from an @alpha-sense.com email address. If youâ€™re unsure about a job posting or recruiter, verify it on our Careers page. If you believe youâ€™ve been targeted by a scam or have any doubts regarding the authenticity of any job listing purportedly from or on behalf of AlphaSense please contact us. Your security and trust matter to us.",Finland Selenium
Tieto Rekrytointi Test Automation Specialist - Tieto Tech Consulting (m/f/d),https://fi.linkedin.com/jobs/view/test-automation-specialist-tieto-tech-consulting-m-f-d-at-tieto-4256557828,"Job Description Oletko halukas liittymÃ¤Ã¤n Tietoevry Createn testausperheeseen ja kehittÃ¤mÃ¤Ã¤n kaikkien suomalaisten kÃ¤yttÃ¤miÃ¤ palveluita? Tietoevry Create on edellÃ¤kÃ¤vijÃ¤ digitaalisessa kehityksessÃ¤, innovaatioissa ja kestÃ¤vÃ¤n arvon tuottamisessa. YhdistÃ¤mme yrityssuunnittelun ohjelmistosuunnitteluun tavalla, joka tuo uutta eloa digitaaliseen liiketoimintaan. TestaustiimissÃ¤mme teemme testausta ja laadunvarmistusta yli 50 asiakkaalle Suomessa ja kysyntÃ¤ kasvaa jatkuvasti. Toivotammekin nyt sinut, testausasiantuntija, tervetulleeksi mukaan tiimiimme! TyÃ¶skentelemme monella eri toimialalla â€“ esimerkiksi pankki-, vakuutus- ja metsÃ¤alalla, julkishallinnossa, kaupan ja logistiikan alalla, sekÃ¤ tele- ja media-alalla. Olemme muun muassa digitalisoineet Suomen viisumipalvelun, mukana uudistamassa VÃ¤ylÃ¤viraston ratatietojÃ¤rjestelmiÃ¤ ja luoneet ratkaisun asiakaskeskeiseen sote-digitalisaatioon. Tulevaisuudessa pÃ¤Ã¤set kehittÃ¤mÃ¤Ã¤n kanssamme jopa vielÃ¤ merkittÃ¤vÃ¤mpiÃ¤ hankkeita ja voit itse vaikuttaa urakehityksesi suuntaan laajan asiakaskuntamme ansiosta. Suomessa kollegoinasi tyÃ¶skentelee yli 120 testauksen ammattilaista. Maailmanlaajuisesti TietoevryllÃ¤ testaajakollegoita on yli 1000 - aina lÃ¶ytyy kaveri sparrailemaan parhaista kÃ¤ytÃ¤nnÃ¶istÃ¤ sekÃ¤ pÃ¤ivÃ¤npolttavista haasteista ja kysymyksistÃ¤. Miksi meillÃ¤ viihdytÃ¤Ã¤n? Vaikutusmahdollisuudet: Pyrimme tiimissÃ¤mme jÃ¤rjestÃ¤mÃ¤Ã¤n mielekÃ¤stÃ¤ tekemistÃ¤ jokaiselle: meillÃ¤ voit rakentaa juuri sinun nÃ¤kÃ¶istÃ¤ urapolkua. KÃ¤ytÃ¤nnÃ¶ssÃ¤ jos projekti alkaa maistumaan puulta, voimme yhdessÃ¤ suunnitella seuraavia steppejÃ¤, joilla pÃ¤Ã¤set sujuvasti siirtymÃ¤Ã¤n uusiin haasteisiin. SinÃ¤ pÃ¤Ã¤tÃ¤t, me mahdollistamme. Joustavuus: pyrimme siihen, ettÃ¤ sinÃ¤ voit sovittaa tyÃ¶n arkeesi, eikÃ¤ toisinpÃ¤in. Voit tyÃ¶skennellÃ¤ etÃ¤nÃ¤, hybridinÃ¤ tai sinulle sopivalla vuorokausirytmillÃ¤. Voit jÃ¤rjestÃ¤Ã¤ vapaat, lomat ja tyÃ¶aikasi vapaa-aikaasi palvelevaksi. Johtamiskulttuuri: TiimissÃ¤mme avoimuus merkitsee lÃ¤pinÃ¤kyvyyttÃ¤, panostamme tiimissÃ¤mme avoimeen tiedonkulkuun ja matalaan hierarkiaan. Haluamme vaalia tiimissÃ¤mme viihtyisÃ¤Ã¤ ilmapiiriÃ¤, jossa jokaisella on tilaa tuoda avoimesti esille niin oman tyÃ¶n haasteet kuin onnistumiset, jolloin voimme oppia niistÃ¤ yhdessÃ¤. MeillÃ¤ jokainen on oman tyÃ¶nsÃ¤ asiantuntija ja kÃ¤ytÃ¤nnÃ¶ssÃ¤ annamme sinulle tyÃ¶kalut, vapauden ja vastuun, sekÃ¤ ennen kaikkea tÃ¤yden luottamuksen tehdÃ¤ tyÃ¶tÃ¤si omasta asiantuntemuksestasi kÃ¤sin. "" TyÃ¶n tekemisen ja tyÃ¶nkuvan joustavuus ovat olleet itselle suurimpia pitovoimatekijÃ¶itÃ¤ TietoevryllÃ¤. KÃ¤ytÃ¤nnÃ¶ssÃ¤ joustavuus merkitsee minulle mahdollisuutta sovittaa tyÃ¶ omaan arkeeni eikÃ¤ toisinpÃ¤in. EtÃ¤tÃ¶ihin on kannustettu jo ennen korona-aikoja, vapaata saa kun tarvitsee ja tyÃ¶ajat pystyy muutoinkin mÃ¤Ã¤rittÃ¤mÃ¤Ã¤n itselleen sopivaksi. LisÃ¤ksi tiimissÃ¤mme on pyritty siihen, ettÃ¤ mielekkyys tyÃ¶n tekemisessÃ¤ on kaiken tekemisen lÃ¤htÃ¶kohta, jolloin mm. projekteja vaihtamalla on voitu mahdollistaa tyÃ¶nkuvan ja urakehityksen rakentaminen toivomaani suuntaan.â€ â€“ Petteri, Test Manager Millaisia toimeksiantoja ja tehtÃ¤viÃ¤ meillÃ¤ tarjolla Laajan asiakaskuntamme ansiosta voit tyÃ¶skennellÃ¤ eri toimialoilla niin kehitys- kuin yllÃ¤pitoprojekteissa erilaisissa testausalueen tehtÃ¤vissÃ¤. Saat suunnitella, johtaa, kehittÃ¤Ã¤, tukea ja koordinoida erilaisia testauksia: esimerkiksi toiminnallista testausta, tietoturvatestausta, hyvÃ¤ksymistestausta, kuormitustestausta. PÃ¤Ã¤set testaamaan ja tutkimaan ohjelmistoja, ratkomaan ongelmia ja havaintoja yhdessÃ¤ muiden ohjelmistoalan ammattilaisten kanssa. Voit toimia erilaisissa testausalueen rooleissa oman osaamisesi ja kiinnostuksesi mukaisesti: vaikkapa toiminnallisuuden testaajana, API-testaajana, hyvÃ¤ksymistestaajana, suorituskykytestaajana, testauspÃ¤Ã¤llikkÃ¶nÃ¤, testaavana testauspÃ¤Ã¤llikkÃ¶nÃ¤, tai testaustoiminnan kehittÃ¤misen konsulttina. MitÃ¤ odotamme sinulta Monipuolista testausosaamista ja intoa laajentaa sekÃ¤ sinun ettÃ¤ tiimimme osaamista testauksen parissa Testauksen asiantuntijana tyÃ¶skentelet toimeksiannoissa asiakkaiden kanssa, jolloin tyÃ¶ssÃ¤si tarvitset kommunikaatiotaitoja ja kykyÃ¤ yksinkertaistaa tekniset ratkaisut asiakkaille. Toivomme myÃ¶s, ettÃ¤ sinulta lÃ¶ytyy rohkeutta myÃ¶s tarvittaessa haastaa nÃ¤kemyksiÃ¤ ja tuot asiantuntemustasi rohkeasti esiin. MeillÃ¤ konsultointi on asiakkaan rinnalla yhdessÃ¤ tekemistÃ¤: muutoskyvykkyys, kÃ¤ytÃ¤nnÃ¶nlÃ¤heisyys ja halu auttaa asiakkaita rakentamaan heitÃ¤ parhaiten palvelevat ratkaisut ovat sinun luontaisia vahvuuksiasi. Osaat avata hankaliakin teknisiÃ¤ asioita asiakkaalle hÃ¤nelle sopivalla tavalla. Kommunikoit sujuvasti sekÃ¤ suomeksi ettÃ¤ englanniksi. Innostuitko? Kuulemme mielellÃ¤mme sinusta lisÃ¤Ã¤ ja odotamme innolla hakemustasi! Voit myÃ¶s lisÃ¤tietojen osalta olla meihin yhteydessÃ¤ matalalla kynnyksellÃ¤. LisÃ¤tietoja roolista antaa Anna-Liisa LepistÃ¶, anna-liisa.lepisto@tietoevry.com tai Marko Nieminen, marko.nieminen@tietoevry.com. Hakuaika pÃ¤Ã¤ttyy sunnuntaina 19.4.2026, joten toimi nopeasti! Additional Information At Tieto, we believe in the power of diversity, equity, and inclusion. We encourage applicants of all backgrounds, genders (m/f/d), and walks of life to join our team, as we believe that this fosters an inspiring workplace and fuels innovation. Our commitment to openness, trust, and diversity is at the heart of our mission to create digital futures that benefit businesses, societies, and humanity. Diversity, equity and inclusion (tietoevry.com)",Finland Selenium
